player_name,season,competition,appearances,starts,minutes,shirt_number,position,rating,captain,substitutes_in,substitutes_out,substitutes_bench,shots_total,shots_on,goals,goals_conceded,assists,saves,passes_total,passes_key,tackles_total,blocks,interceptions,duels_total,duels_won,dribbles_attempts,dribbles_success,fouls_drawn,fouls_committed,yellow_cards,red_cards,penalty_won,penalty_committed,penalty_scored,penalty_missed,penalty_saved,pass_accuracy,source_provider,source_url
Armand Laurienté,2025/26,Serie A,37,32,2544,45,Midfielder,7.005405405405405,0,5,26,0,53,26,7,0,9,,793,53,28,1,7,278,109,78,29,45,42,4,0,,,0,0,,18.10810810810811,kickoff-derived (37/38 detailed matches),
Andrea Pinamonti,2025/26,Serie A,34,30,2397,99,Attacker,6.5588235294117645,0,4,25,0,55,30,9,0,3,,432,15,11,2,1,237,93,18,5,29,14,2,1,1,,0,1,,9.323529411764707,kickoff-derived (37/38 detailed matches),
Jay Idzes,2025/26,Serie A,34,34,2981,21,Defender,6.738235294117647,0,0,2,0,3,,,0,0,,1370,3,25,23,39,194,96,7,6,14,33,2,0,,2,0,0,,36.470588235294116,kickoff-derived (37/38 detailed matches),
Ismaël Koné,2025/26,Serie A,33,31,2594,90,Midfielder,7.0606060606060606,0,2,21,1,20,10,6,0,0,,1059,23,30,3,13,195,110,40,23,52,21,3,0,,,0,0,,29.303030303030305,kickoff-derived (37/38 detailed matches),
Nemanja Matić,2025/26,Serie A,33,30,2592,18,Midfielder,6.957575757575757,1,3,11,0,8,4,1,0,1,,1659,19,43,10,27,223,122,24,12,38,24,7,1,,,0,0,,43.36363636363637,kickoff-derived (37/38 detailed matches),
Sebastian Walukiewicz,2025/26,Serie A,32,31,2682,6,Defender,6.775,0,1,6,0,3,,,0,1,,1147,21,47,10,22,202,104,34,20,12,32,7,0,,,0,0,,30.78125,kickoff-derived (37/38 detailed matches),
Arijanet Murić,2025/26,Serie A,31,31,2797,49,Goalkeeper,7.129032258064516,0,0,0,6,,,,40,0,111,895,1,,,,19,18,,,3,1,4,0,,1,0,0,1,17.387096774193548,kickoff-derived (37/38 detailed matches),
Kristian Thorstvedt,2025/26,Serie A,31,26,2419,42,Midfielder,6.916129032258064,0,5,2,0,30,13,4,0,4,,1042,32,44,13,29,282,147,41,17,56,34,9,0,,,0,0,,27.774193548387096,kickoff-derived (37/38 detailed matches),
Tarik Muharemović,2025/26,Serie A,30,30,2662,80,Defender,6.943333333333333,0,0,1,3,11,5,2,0,2,,1526,5,42,30,42,198,128,11,7,17,22,7,0,,,0,0,,43.733333333333334,kickoff-derived (37/38 detailed matches),
Josh Doig,2025/26,Serie A,28,20,1759,3,Defender,6.622222222222223,0,8,10,7,9,3,,0,0,,680,15,32,11,20,165,81,28,7,16,15,5,0,,1,0,0,,21.46153846153846,kickoff-derived (37/38 detailed matches),
Alieu Fadera,2025/26,Serie A,26,8,912,20,Attacker,6.672000000000001,0,18,8,6,8,4,2,0,1,,234,6,35,,7,184,83,33,9,32,35,5,0,2,1,0,0,,7.4,kickoff-derived (37/38 detailed matches),
Domenico Berardi,2025/26,Serie A,25,23,1884,10,Midfielder,7.028,1,2,13,0,34,21,8,0,4,,624,33,23,,23,172,75,22,8,32,29,1,1,1,,2,1,,19.24,kickoff-derived (37/38 detailed matches),
Cristian Volpato,2025/26,Serie A,24,11,1090,7,Midfielder,6.754166666666666,0,13,11,7,14,7,2,0,4,,406,23,16,1,6,143,55,53,23,11,19,4,0,,,0,0,,13.5,kickoff-derived (37/38 detailed matches),
Luca Lipani,2025/26,Serie A,22,9,949,35,Midfielder,6.618181818181818,0,13,7,13,7,2,,0,1,,432,10,27,2,14,114,51,9,4,7,23,3,0,,,0,0,,17.333333333333332,kickoff-derived (37/38 detailed matches),
Woyo Coulibaly,2025/26,Serie A,20,9,1048,25,Defender,6.640000000000001,0,11,3,10,3,1,,0,0,,435,4,24,4,9,96,50,11,8,12,15,2,0,,,0,0,,19.65,kickoff-derived (37/38 detailed matches),
Walid Cheddira,2025/26,Serie A,16,1,244,9,Attacker,6.507142857142857,0,15,1,2,4,2,1,0,0,,60,3,1,1,,50,21,8,5,9,7,1,0,,,0,0,,4,kickoff-derived (37/38 detailed matches),
Aster Vranckx,2025/26,Serie A,15,9,679,40,Midfielder,6.585714285714286,0,6,9,15,2,1,,0,0,,231,2,16,,,89,43,11,3,16,16,2,0,,,0,0,,12.866666666666667,kickoff-derived (37/38 detailed matches),
Edoardo Iannoni,2025/26,Serie A,14,0,199,44,Midfielder,6.546153846153846,0,14,0,22,2,1,1,0,0,,89,,4,,3,32,10,5,,,10,3,0,,,0,0,,5.916666666666667,kickoff-derived (37/38 detailed matches),
M. Nzola,2025/26,Serie A,14,4,474,8,Attacker,6.542857142857143,0,10,4,1,8,4,1,0,1,,111,6,4,,2,57,24,9,5,9,11,1,0,,,0,0,,6.357142857142857,kickoff-derived (37/38 detailed matches),
Luca Moro,2025/26,Serie A,13,1,230,24,Attacker,6.427272727272728,0,12,1,23,6,1,,0,0,,44,1,5,,2,52,27,1,1,9,7,1,0,,,0,0,,3.7777777777777777,kickoff-derived (37/38 detailed matches),
Ulisses Garcia,2025/26,Serie A,13,10,950,23,Defender,6.892307692307692,0,3,2,1,1,1,1,0,2,,446,13,17,4,8,70,27,6,2,2,11,3,0,,,0,0,,29.53846153846154,kickoff-derived (37/38 detailed matches),
Fali Candé,2025/26,Serie A,11,5,503,5,Defender,6.536363636363637,0,6,4,6,3,,,0,0,,189,,9,3,1,55,25,,,6,9,2,0,,1,0,0,,14.4,kickoff-derived (37/38 detailed matches),
Nicholas Pierini,2025/26,Serie A,9,0,130,77,Attacker,6.428571428571429,0,9,0,11,2,1,,0,0,,44,2,3,,1,26,9,6,1,3,1,1,0,,,0,0,,5,kickoff-derived (37/38 detailed matches),
Darryl Bakola,2025/26,Serie A,6,1,144,50,Midfielder,6.766666666666667,0,5,1,4,2,1,,0,1,,61,3,8,,1,25,16,6,3,3,2,0,0,,,0,0,,9.6,kickoff-derived (37/38 detailed matches),
Stefano Turati,2025/26,Serie A,5,5,443,13,Goalkeeper,7.1,0,0,1,24,,,,5,0,13,135,2,,,1,3,3,,,1,,0,0,,,0,0,0,14.4,kickoff-derived (37/38 detailed matches),
Filippo Romagna,2025/26,Serie A,4,3,225,19,Defender,6.95,1,1,3,17,2,,,0,0,,127,,,5,3,5,3,,,1,,0,0,,,0,0,,28.25,kickoff-derived (37/38 detailed matches),
Pedro Felipe,2025/26,Serie A,3,1,127,66,Defender,6.6,0,2,0,12,,,,0,1,,96,1,2,1,2,14,7,1,1,1,2,0,0,,,0,0,,29,kickoff-derived (37/38 detailed matches),
Christian Frangella,2025/26,Serie A,1,0,9,33,Midfielder,6.5,0,1,0,9,,,,0,0,,7,,,,1,,,,,,,0,0,,,0,0,,4,kickoff-derived (37/38 detailed matches),
Daniel Boloca,2025/26,Serie A,1,1,45,11,Midfielder,6.2,0,0,1,5,,,,0,0,,15,,,,1,1,,,,,,0,0,,,0,0,,14,kickoff-derived (37/38 detailed matches),
Gioele Zacchi,2025/26,Serie A,1,0,14,16,Goalkeeper,6.7,0,1,0,31,,,,0,0,,1,,,,,,,,,,,0,0,,,0,0,0,1,kickoff-derived (37/38 detailed matches),
L. Skjellerup,2025/26,Serie A,1,0,9,14,Attacker,6.3,0,1,0,8,,,,0,0,,3,,,,,1,1,,,,,0,0,,,0,0,,,kickoff-derived (37/38 detailed matches),
Tommaso Macchioni,2025/26,Serie A,1,1,90,31,Defender,6.2,0,0,0,4,1,,,0,0,,35,,,,2,6,3,,,,1,1,0,,,0,0,,28,kickoff-derived (37/38 detailed matches),
