player_name,season,competition,appearances,starts,minutes,goals,assists,yellow_cards,red_cards,source_provider,source_external_id,source_url
Gianluca Pegolo,2013/14,Serie A,33,33,,,,,,StatBunker,4458,https://dr.statbunker.com/competitions/SeasonAppearances?comp_id=462&club_id=1788
Simone Zaza,2013/14,Serie A,33,24,,9,,,,StatBunker,30487,https://dr.statbunker.com/competitions/SeasonAppearances?comp_id=462&club_id=1788
Domenico Berardi,2013/14,Serie A,29,26,,16,,,,StatBunker,44251,https://dr.statbunker.com/competitions/SeasonAppearances?comp_id=462&club_id=1788
Antonio Floro Flores,2013/14,Serie A,29,17,,8,,,,StatBunker,21904,https://dr.statbunker.com/competitions/SeasonAppearances?comp_id=462&club_id=1788
Francesco Magnanelli,2013/14,Serie A,28,28,,,,,,StatBunker,44244,https://dr.statbunker.com/competitions/SeasonAppearances?comp_id=462&club_id=1788
Alessandro Longhi,2013/14,Serie A,28,27,,1,,,,StatBunker,44243,https://dr.statbunker.com/competitions/SeasonAppearances?comp_id=462&club_id=1788
Simone Missiroli,2013/14,Serie A,26,21,,1,,,,StatBunker,22058,https://dr.statbunker.com/competitions/SeasonAppearances?comp_id=462&club_id=1788
Marcello Gazzola,2013/14,Serie A,25,22,,,,,,StatBunker,21875,https://dr.statbunker.com/competitions/SeasonAppearances?comp_id=462&club_id=1788
Luca Antei,2013/14,Serie A,22,22,,,,,,StatBunker,45076,https://dr.statbunker.com/competitions/SeasonAppearances?comp_id=462&club_id=1788
Jasmin Kurtic,2013/14,Serie A,18,13,,,,,,StatBunker,37182,https://dr.statbunker.com/competitions/SeasonAppearances?comp_id=462&club_id=1788
Raman Chibsah,2013/14,Serie A,18,13,,,,,,StatBunker,44752,https://dr.statbunker.com/competitions/SeasonAppearances?comp_id=462&club_id=1788
Reto Ziegler,2013/14,Serie A,17,13,,,,,,StatBunker,18408,https://dr.statbunker.com/competitions/SeasonAppearances?comp_id=462&club_id=1788
Paolo Cannavaro,2013/14,Serie A,16,16,,,,,,StatBunker,4129,https://dr.statbunker.com/competitions/SeasonAppearances?comp_id=462&club_id=1788
Paolo Bianco,2013/14,Serie A,16,15,,,,,,StatBunker,21980,https://dr.statbunker.com/competitions/SeasonAppearances?comp_id=462&club_id=1788
Luca Marrone,2013/14,Serie A,15,14,,,,,,StatBunker,31708,https://dr.statbunker.com/competitions/SeasonAppearances?comp_id=462&club_id=1788
Davide Biondini,2013/14,Serie A,15,12,,1,,,,StatBunker,22063,https://dr.statbunker.com/competitions/SeasonAppearances?comp_id=462&club_id=1788
Sergio Floccari,2013/14,Serie A,15,8,,,,,,StatBunker,21975,https://dr.statbunker.com/competitions/SeasonAppearances?comp_id=462&club_id=1788
Francesco Acerbi,2013/14,Serie A,13,11,,,,,,StatBunker,40294,https://dr.statbunker.com/competitions/SeasonAppearances?comp_id=462&club_id=1788
Gaetano Masucci,2013/14,Serie A,13,3,,,,,,StatBunker,44248,https://dr.statbunker.com/competitions/SeasonAppearances?comp_id=462&club_id=1788
Lorenzo Ariaudo,2013/14,Serie A,12,12,,,,,,StatBunker,29778,https://dr.statbunker.com/competitions/SeasonAppearances?comp_id=462&club_id=1788
Nicola Sansone,2013/14,Serie A,12,10,,4,,,,StatBunker,43036,https://dr.statbunker.com/competitions/SeasonAppearances?comp_id=462&club_id=1788
Ezequiel Schelotto,2013/14,Serie A,12,9,,1,,,,StatBunker,36232,https://dr.statbunker.com/competitions/SeasonAppearances?comp_id=462&club_id=1788
Diego Farias,2013/14,Serie A,11,3,,,,,,StatBunker,44859,https://dr.statbunker.com/competitions/SeasonAppearances?comp_id=462&club_id=1788
Karim Laribi,2013/14,Serie A,10,4,,,,,,StatBunker,44250,https://dr.statbunker.com/competitions/SeasonAppearances?comp_id=462&club_id=1788
Pedro Mendes,2013/14,Serie A,9,7,,,,,,StatBunker,40694,https://dr.statbunker.com/competitions/SeasonAppearances?comp_id=462&club_id=1788
Lino Marzoratti,2013/14,Serie A,9,6,,1,,,,StatBunker,21295,https://dr.statbunker.com/competitions/SeasonAppearances?comp_id=462&club_id=1788
Matteo Brighi,2013/14,Serie A,8,6,,,,,,StatBunker,2015,https://dr.statbunker.com/competitions/SeasonAppearances?comp_id=462&club_id=1788
Aleandro Rosi,2013/14,Serie A,7,5,,,,,,StatBunker,18813,https://dr.statbunker.com/competitions/SeasonAppearances?comp_id=462&club_id=1788
Jonathan Rossini,2013/14,Serie A,6,5,,,,,,StatBunker,21857,https://dr.statbunker.com/competitions/SeasonAppearances?comp_id=462&club_id=1788
Marius Alexe,2013/14,Serie A,6,1,,,,,,StatBunker,38051,https://dr.statbunker.com/competitions/SeasonAppearances?comp_id=462&club_id=1788
Emanuele Terranova,2013/14,Serie A,4,3,,,,,,StatBunker,44253,https://dr.statbunker.com/competitions/SeasonAppearances?comp_id=462&club_id=1788
Alberto Pomini,2013/14,Serie A,3,3,,,,,,StatBunker,44242,https://dr.statbunker.com/competitions/SeasonAppearances?comp_id=462&club_id=1788
Thomas Manfredini,2013/14,Serie A,3,3,,,,,,StatBunker,4405,https://dr.statbunker.com/competitions/SeasonAppearances?comp_id=462&club_id=1788
Raffaele Pucino,2013/14,Serie A,3,1,,,,,,StatBunker,45075,https://dr.statbunker.com/competitions/SeasonAppearances?comp_id=462&club_id=1788
Antonio Rosati,2013/14,Serie A,2,2,,,,,,StatBunker,29349,https://dr.statbunker.com/competitions/SeasonAppearances?comp_id=462&club_id=1788
Antonio Sanabria,2013/14,Serie A,2,,,,,,,StatBunker,44725,https://dr.statbunker.com/competitions/SeasonAppearances?comp_id=462&club_id=1788
Leonardo Pavoletti,2013/14,Serie A,2,,,,,,,StatBunker,44245,https://dr.statbunker.com/competitions/SeasonAppearances?comp_id=462&club_id=1788
Ettore Gliozzi,2013/14,Serie A,1,,,,,,,StatBunker,45815,https://dr.statbunker.com/competitions/SeasonAppearances?comp_id=462&club_id=1788
Andrea Consigli,2014/15,Serie A,35,35,,,,,,StatBunker,29524,https://dr.statbunker.com/competitions/SeasonAppearances?comp_id=486&club_id=1788
Nicola Sansone,2014/15,Serie A,34,30,,5,,,,StatBunker,43036,https://dr.statbunker.com/competitions/SeasonAppearances?comp_id=486&club_id=1788
Simone Missiroli,2014/15,Serie A,33,30,,4,,,,StatBunker,22058,https://dr.statbunker.com/competitions/SeasonAppearances?comp_id=486&club_id=1788
Francesco Acerbi,2014/15,Serie A,32,32,,2,,,,StatBunker,40294,https://dr.statbunker.com/competitions/SeasonAppearances?comp_id=486&club_id=1788
Domenico Berardi,2014/15,Serie A,32,32,,15,,,,StatBunker,44251,https://dr.statbunker.com/competitions/SeasonAppearances?comp_id=486&club_id=1788
Simone Zaza,2014/15,Serie A,31,29,,11,,,,StatBunker,30487,https://dr.statbunker.com/competitions/SeasonAppearances?comp_id=486&club_id=1788
Francesco Magnanelli,2014/15,Serie A,29,28,,1,,,,StatBunker,44244,https://dr.statbunker.com/competitions/SeasonAppearances?comp_id=486&club_id=1788
Antonio Floro Flores,2014/15,Serie A,29,11,,2,,,,StatBunker,21904,https://dr.statbunker.com/competitions/SeasonAppearances?comp_id=486&club_id=1788
Federico Peluso,2014/15,Serie A,28,26,,,,,,StatBunker,30446,https://dr.statbunker.com/competitions/SeasonAppearances?comp_id=486&club_id=1788
Saphir Taider,2014/15,Serie A,27,19,,3,,,,StatBunker,33359,https://dr.statbunker.com/competitions/SeasonAppearances?comp_id=486&club_id=1788
Davide Biondini,2014/15,Serie A,27,17,,,,,,StatBunker,22063,https://dr.statbunker.com/competitions/SeasonAppearances?comp_id=486&club_id=1788
Sergio Floccari,2014/15,Serie A,27,10,,2,,,,StatBunker,21975,https://dr.statbunker.com/competitions/SeasonAppearances?comp_id=486&club_id=1788
Paolo Cannavaro,2014/15,Serie A,25,25,,,,,,StatBunker,4129,https://dr.statbunker.com/competitions/SeasonAppearances?comp_id=486&club_id=1788
Matteo Brighi,2014/15,Serie A,23,14,,,,,,StatBunker,2015,https://dr.statbunker.com/competitions/SeasonAppearances?comp_id=486&club_id=1788
Sime Vrsaljko,2014/15,Serie A,22,20,,,,,,StatBunker,36409,https://dr.statbunker.com/competitions/SeasonAppearances?comp_id=486&club_id=1788
Alessandro Longhi,2014/15,Serie A,19,17,,,,,,StatBunker,44243,https://dr.statbunker.com/competitions/SeasonAppearances?comp_id=486&club_id=1788
Marcello Gazzola,2014/15,Serie A,17,13,,,,,,StatBunker,21875,https://dr.statbunker.com/competitions/SeasonAppearances?comp_id=486&club_id=1788
Dejan Lazarevic,2014/15,Serie A,10,4,,,,,,StatBunker,30862,https://dr.statbunker.com/competitions/SeasonAppearances?comp_id=486&club_id=1788
Emanuele Terranova,2014/15,Serie A,9,9,,,,,,StatBunker,44253,https://dr.statbunker.com/competitions/SeasonAppearances?comp_id=486&club_id=1788
Leonardo Pavoletti,2014/15,Serie A,9,,,1,,,,StatBunker,44245,https://dr.statbunker.com/competitions/SeasonAppearances?comp_id=486&club_id=1788
Luca Antei,2014/15,Serie A,8,5,,,,,,StatBunker,45076,https://dr.statbunker.com/competitions/SeasonAppearances?comp_id=486&club_id=1788
Raman Chibsah,2014/15,Serie A,8,3,,,,,,StatBunker,44752,https://dr.statbunker.com/competitions/SeasonAppearances?comp_id=486&club_id=1788
Alberto Pomini,2014/15,Serie A,4,3,,,,,,StatBunker,44242,https://dr.statbunker.com/competitions/SeasonAppearances?comp_id=486&club_id=1788
Paolo Bianco,2014/15,Serie A,4,1,,,,,,StatBunker,21980,https://dr.statbunker.com/competitions/SeasonAppearances?comp_id=486&club_id=1788
Leonardo Fontanesi,2014/15,Serie A,3,3,,,,,,StatBunker,50146,https://dr.statbunker.com/competitions/SeasonAppearances?comp_id=486&club_id=1788
Cesare Natali,2014/15,Serie A,3,,,,,,,StatBunker,18553,https://dr.statbunker.com/competitions/SeasonAppearances?comp_id=486&club_id=1788
Lorenzo Ariaudo,2014/15,Serie A,2,2,,,,,,StatBunker,29778,https://dr.statbunker.com/competitions/SeasonAppearances?comp_id=486&club_id=1788
Andrea Consigli,2015/16,Serie A,37,37,,,,,,StatBunker,29524,https://dr.statbunker.com/competitions/SeasonAppearances?comp_id=517&club_id=1788
Nicola Sansone,2015/16,Serie A,37,28,,7,,,,StatBunker,43036,https://dr.statbunker.com/competitions/SeasonAppearances?comp_id=517&club_id=1788
Francesco Acerbi,2015/16,Serie A,36,36,,4,,,,StatBunker,40294,https://dr.statbunker.com/competitions/SeasonAppearances?comp_id=517&club_id=1788
Sime Vrsaljko,2015/16,Serie A,35,35,,,,,,StatBunker,36409,https://dr.statbunker.com/competitions/SeasonAppearances?comp_id=517&club_id=1788
Federico Peluso,2015/16,Serie A,34,34,,1,,,,StatBunker,30446,https://dr.statbunker.com/competitions/SeasonAppearances?comp_id=517&club_id=1788
Francesco Magnanelli,2015/16,Serie A,34,34,,1,,,,StatBunker,44244,https://dr.statbunker.com/competitions/SeasonAppearances?comp_id=517&club_id=1788
Alfred Duncan,2015/16,Serie A,33,27,,1,,,,StatBunker,41967,https://dr.statbunker.com/competitions/SeasonAppearances?comp_id=517&club_id=1788
Grégoire Defrel,2015/16,Serie A,33,24,,8,,,,StatBunker,48752,https://dr.statbunker.com/competitions/SeasonAppearances?comp_id=517&club_id=1788
Paolo Cannavaro,2015/16,Serie A,31,30,,,,,,StatBunker,4129,https://dr.statbunker.com/competitions/SeasonAppearances?comp_id=517&club_id=1788
Domenico Berardi,2015/16,Serie A,30,27,,7,,,,StatBunker,44251,https://dr.statbunker.com/competitions/SeasonAppearances?comp_id=517&club_id=1788
Matteo Politano,2015/16,Serie A,27,10,,5,,,,StatBunker,52029,https://dr.statbunker.com/competitions/SeasonAppearances?comp_id=517&club_id=1788
Diego Falcinelli,2015/16,Serie A,26,11,,2,,,,StatBunker,52028,https://dr.statbunker.com/competitions/SeasonAppearances?comp_id=517&club_id=1788
Simone Missiroli,2015/16,Serie A,24,22,,2,,,,StatBunker,22058,https://dr.statbunker.com/competitions/SeasonAppearances?comp_id=517&club_id=1788
Davide Biondini,2015/16,Serie A,22,12,,,,,,StatBunker,22063,https://dr.statbunker.com/competitions/SeasonAppearances?comp_id=517&club_id=1788
Lorenzo Pellegrini,2015/16,Serie A,19,13,,3,,,,StatBunker,49844,https://dr.statbunker.com/competitions/SeasonAppearances?comp_id=517&club_id=1788
Antonio Floro Flores,2015/16,Serie A,14,8,,3,,,,StatBunker,21904,https://dr.statbunker.com/competitions/SeasonAppearances?comp_id=517&club_id=1788
Karim Laribi,2015/16,Serie A,11,6,,,,,,StatBunker,44250,https://dr.statbunker.com/competitions/SeasonAppearances?comp_id=517&club_id=1788
Marcello Gazzola,2015/16,Serie A,9,4,,,,,,StatBunker,21875,https://dr.statbunker.com/competitions/SeasonAppearances?comp_id=517&club_id=1788
Marcelo Trotta,2015/16,Serie A,8,1,,1,,,,StatBunker,39042,https://dr.statbunker.com/competitions/SeasonAppearances?comp_id=517&club_id=1788
Sergio Floccari,2015/16,Serie A,7,5,,4,,,,StatBunker,21975,https://dr.statbunker.com/competitions/SeasonAppearances?comp_id=517&club_id=1788
Alessandro Longhi,2015/16,Serie A,6,4,,,,,,StatBunker,44243,https://dr.statbunker.com/competitions/SeasonAppearances?comp_id=517&club_id=1788
Emanuele Terranova,2015/16,Serie A,6,3,,,,,,StatBunker,44253,https://dr.statbunker.com/competitions/SeasonAppearances?comp_id=517&club_id=1788
Luca Antei,2015/16,Serie A,5,4,,,,,,StatBunker,45076,https://dr.statbunker.com/competitions/SeasonAppearances?comp_id=517&club_id=1788
Lorenzo Ariaudo,2015/16,Serie A,4,2,,,,,,StatBunker,29778,https://dr.statbunker.com/competitions/SeasonAppearances?comp_id=517&club_id=1788
Gianluca Pegolo,2015/16,Serie A,2,1,,,,,,StatBunker,4458,https://dr.statbunker.com/competitions/SeasonAppearances?comp_id=517&club_id=1788
Claud Adjapong,2015/16,Serie A,2,,,,,,,StatBunker,53008,https://dr.statbunker.com/competitions/SeasonAppearances?comp_id=517&club_id=1788
Francesco Acerbi,2016/17,Serie A,38,38,,4,,,,StatBunker,40294,https://dr.statbunker.com/competitions/SeasonAppearances?comp_id=562&club_id=1788
Andrea Consigli,2016/17,Serie A,37,37,,,,,,StatBunker,29524,https://dr.statbunker.com/competitions/SeasonAppearances?comp_id=562&club_id=1788
Federico Peluso,2016/17,Serie A,34,33,,2,,,,StatBunker,30446,https://dr.statbunker.com/competitions/SeasonAppearances?comp_id=562&club_id=1788
Matteo Politano,2016/17,Serie A,32,25,,4,,,,StatBunker,52029,https://dr.statbunker.com/competitions/SeasonAppearances?comp_id=562&club_id=1788
Alessandro Matri,2016/17,Serie A,31,16,,8,,,,StatBunker,18139,https://dr.statbunker.com/competitions/SeasonAppearances?comp_id=562&club_id=1788
Grégoire Defrel,2016/17,Serie A,29,23,,11,,,,StatBunker,48752,https://dr.statbunker.com/competitions/SeasonAppearances?comp_id=562&club_id=1788
Lorenzo Pellegrini,2016/17,Serie A,28,24,,6,,,,StatBunker,49844,https://dr.statbunker.com/competitions/SeasonAppearances?comp_id=562&club_id=1788
Antonio Ragusa,2016/17,Serie A,25,16,,4,,,,StatBunker,33119,https://dr.statbunker.com/competitions/SeasonAppearances?comp_id=562&club_id=1788
Federico Ricci,2016/17,Serie A,24,10,,2,,,,StatBunker,41783,https://dr.statbunker.com/competitions/SeasonAppearances?comp_id=562&club_id=1788
Pol Lirola,2016/17,Serie A,22,17,,,,,,StatBunker,54105,https://dr.statbunker.com/competitions/SeasonAppearances?comp_id=562&club_id=1788
Domenico Berardi,2016/17,Serie A,21,20,,4,,,,StatBunker,44251,https://dr.statbunker.com/competitions/SeasonAppearances?comp_id=562&club_id=1788
Alfred Duncan,2016/17,Serie A,20,14,,1,,,,StatBunker,41967,https://dr.statbunker.com/competitions/SeasonAppearances?comp_id=562&club_id=1788
Paolo Cannavaro,2016/17,Serie A,18,16,,1,,,,StatBunker,4129,https://dr.statbunker.com/competitions/SeasonAppearances?comp_id=562&club_id=1788
Luca Mazzitelli,2016/17,Serie A,17,12,,1,,,,StatBunker,46644,https://dr.statbunker.com/competitions/SeasonAppearances?comp_id=562&club_id=1788
Pietro Iemmello,2016/17,Serie A,17,3,,5,,,,StatBunker,54466,https://dr.statbunker.com/competitions/SeasonAppearances?comp_id=562&club_id=1788
Marcello Gazzola,2016/17,Serie A,16,16,,,,,,StatBunker,21875,https://dr.statbunker.com/competitions/SeasonAppearances?comp_id=562&club_id=1788
Stefano Sensi,2016/17,Serie A,16,14,,2,,,,StatBunker,52919,https://dr.statbunker.com/competitions/SeasonAppearances?comp_id=562&club_id=1788
Alberto Aquilani,2016/17,Serie A,16,14,,,,,,StatBunker,18425,https://dr.statbunker.com/competitions/SeasonAppearances?comp_id=562&club_id=1788
Francesco Magnanelli,2016/17,Serie A,15,14,,1,,,,StatBunker,44244,https://dr.statbunker.com/competitions/SeasonAppearances?comp_id=562&club_id=1788
Luca Antei,2016/17,Serie A,15,11,,1,,,,StatBunker,45076,https://dr.statbunker.com/competitions/SeasonAppearances?comp_id=562&club_id=1788
Davide Biondini,2016/17,Serie A,14,9,,,,,,StatBunker,22063,https://dr.statbunker.com/competitions/SeasonAppearances?comp_id=562&club_id=1788
Simone Missiroli,2016/17,Serie A,13,9,,,,,,StatBunker,22058,https://dr.statbunker.com/competitions/SeasonAppearances?comp_id=562&club_id=1788
Cristian Dell'Orco,2016/17,Serie A,9,9,,,,,,StatBunker,54107,https://dr.statbunker.com/competitions/SeasonAppearances?comp_id=562&club_id=1788
Timo Letschert,2016/17,Serie A,9,9,,,,,,StatBunker,47305,https://dr.statbunker.com/competitions/SeasonAppearances?comp_id=562&club_id=1788
Claud Adjapong,2016/17,Serie A,9,6,,1,,,,StatBunker,53008,https://dr.statbunker.com/competitions/SeasonAppearances?comp_id=562&club_id=1788
Emanuele Terranova,2016/17,Serie A,3,2,,,,,,StatBunker,44253,https://dr.statbunker.com/competitions/SeasonAppearances?comp_id=562&club_id=1788
Gianluca Pegolo,2016/17,Serie A,1,1,,,,,,StatBunker,4458,https://dr.statbunker.com/competitions/SeasonAppearances?comp_id=562&club_id=1788
Diego Falcinelli,2016/17,Serie A,1,,,,,,,StatBunker,52028,https://dr.statbunker.com/competitions/SeasonAppearances?comp_id=562&club_id=1788
Francesco Acerbi,2017/18,Serie A,38,38,,,,,,StatBunker,40294,https://dr.statbunker.com/competitions/SeasonAppearances?comp_id=593&club_id=1788
Andrea Consigli,2017/18,Serie A,36,36,,,,,,StatBunker,29524,https://dr.statbunker.com/competitions/SeasonAppearances?comp_id=593&club_id=1788
Simone Missiroli,2017/18,Serie A,35,33,,1,,,,StatBunker,22058,https://dr.statbunker.com/competitions/SeasonAppearances?comp_id=593&club_id=1788
Matteo Politano,2017/18,Serie A,35,32,,10,,,,StatBunker,52029,https://dr.statbunker.com/competitions/SeasonAppearances?comp_id=593&club_id=1788
Francesco Magnanelli,2017/18,Serie A,32,30,,,,,,StatBunker,44244,https://dr.statbunker.com/competitions/SeasonAppearances?comp_id=593&club_id=1788
Federico Peluso,2017/18,Serie A,31,28,,1,,,,StatBunker,30446,https://dr.statbunker.com/competitions/SeasonAppearances?comp_id=593&club_id=1788
Domenico Berardi,2017/18,Serie A,30,28,,4,,,,StatBunker,44251,https://dr.statbunker.com/competitions/SeasonAppearances?comp_id=593&club_id=1788
Antonio Ragusa,2017/18,Serie A,30,7,,,,,,StatBunker,33119,https://dr.statbunker.com/competitions/SeasonAppearances?comp_id=593&club_id=1788
Pol Lirola,2017/18,Serie A,26,24,,,,,,StatBunker,54105,https://dr.statbunker.com/competitions/SeasonAppearances?comp_id=593&club_id=1788
Alfred Duncan,2017/18,Serie A,26,23,,,,,,StatBunker,41967,https://dr.statbunker.com/competitions/SeasonAppearances?comp_id=593&club_id=1788
Alessandro Matri,2017/18,Serie A,23,7,,3,,,,StatBunker,18139,https://dr.statbunker.com/competitions/SeasonAppearances?comp_id=593&club_id=1788
Luca Mazzitelli,2017/18,Serie A,21,11,,,,,,StatBunker,46644,https://dr.statbunker.com/competitions/SeasonAppearances?comp_id=593&club_id=1788
Diego Falcinelli,2017/18,Serie A,20,15,,2,,,,StatBunker,52028,https://dr.statbunker.com/competitions/SeasonAppearances?comp_id=593&club_id=1788
Paolo Cannavaro,2017/18,Serie A,19,16,,,,,,StatBunker,4129,https://dr.statbunker.com/competitions/SeasonAppearances?comp_id=593&club_id=1788
Stefano Sensi,2017/18,Serie A,17,10,,2,,,,StatBunker,52919,https://dr.statbunker.com/competitions/SeasonAppearances?comp_id=593&club_id=1788
Claud Adjapong,2017/18,Serie A,16,14,,,,,,StatBunker,53008,https://dr.statbunker.com/competitions/SeasonAppearances?comp_id=593&club_id=1788
Edoardo Goldaniga,2017/18,Serie A,13,13,,1,,,,StatBunker,43188,https://dr.statbunker.com/competitions/SeasonAppearances?comp_id=593&club_id=1788
Rogerio,2017/18,Serie A,13,10,,,,,,StatBunker,57285,https://dr.statbunker.com/competitions/SeasonAppearances?comp_id=593&club_id=1788
Khouma Babacar,2017/18,Serie A,13,8,,2,,,,StatBunker,32349,https://dr.statbunker.com/competitions/SeasonAppearances?comp_id=593&club_id=1788
Francesco Cassata,2017/18,Serie A,10,5,,1,,,,StatBunker,53363,https://dr.statbunker.com/competitions/SeasonAppearances?comp_id=593&club_id=1788
Mauricio Lemos,2017/18,Serie A,8,8,,1,,,,StatBunker,52462,https://dr.statbunker.com/competitions/SeasonAppearances?comp_id=593&club_id=1788
Marcello Gazzola,2017/18,Serie A,8,8,,,,,,StatBunker,21875,https://dr.statbunker.com/competitions/SeasonAppearances?comp_id=593&club_id=1788
Cristian Dell'Orco,2017/18,Serie A,8,5,,,,,,StatBunker,54107,https://dr.statbunker.com/competitions/SeasonAppearances?comp_id=593&club_id=1788
Timo Letschert,2017/18,Serie A,7,5,,,,,,StatBunker,47305,https://dr.statbunker.com/competitions/SeasonAppearances?comp_id=593&club_id=1788
Davide Biondini,2017/18,Serie A,7,2,,,,,,StatBunker,22063,https://dr.statbunker.com/competitions/SeasonAppearances?comp_id=593&club_id=1788
Nicholas Pierini,2017/18,Serie A,3,,,,,,,StatBunker,53280,https://dr.statbunker.com/competitions/SeasonAppearances?comp_id=593&club_id=1788
Gianluca Scamacca,2017/18,Serie A,3,,,,,,,StatBunker,57084,https://dr.statbunker.com/competitions/SeasonAppearances?comp_id=593&club_id=1788
Gianluca Pegolo,2017/18,Serie A,2,1,,,,,,StatBunker,4458,https://dr.statbunker.com/competitions/SeasonAppearances?comp_id=593&club_id=1788
Leonardo Marson,2017/18,Serie A,1,1,,,,,,StatBunker,52981,https://dr.statbunker.com/competitions/SeasonAppearances?comp_id=593&club_id=1788
Andrea Consigli,2018/19,Serie A,36,36,,,,,,StatBunker,29524,https://dr.statbunker.com/competitions/SeasonAppearances?comp_id=623&club_id=1788
Pol Lirola,2018/19,Serie A,35,32,,2,,,,StatBunker,54105,https://dr.statbunker.com/competitions/SeasonAppearances?comp_id=623&club_id=1788
Domenico Berardi,2018/19,Serie A,35,32,,8,,,,StatBunker,44251,https://dr.statbunker.com/competitions/SeasonAppearances?comp_id=623&club_id=1788
Rogerio,2018/19,Serie A,33,29,,1,,,,StatBunker,57285,https://dr.statbunker.com/competitions/SeasonAppearances?comp_id=623&club_id=1788
Mehdi Bourabia,2018/19,Serie A,32,21,,1,,,,StatBunker,29508,https://dr.statbunker.com/competitions/SeasonAppearances?comp_id=623&club_id=1788
Gianmarco Ferrari,2018/19,Serie A,31,31,,4,,,,StatBunker,53652,https://dr.statbunker.com/competitions/SeasonAppearances?comp_id=623&club_id=1788
Manuel Locatelli,2018/19,Serie A,29,21,,2,,,,StatBunker,50160,https://dr.statbunker.com/competitions/SeasonAppearances?comp_id=623&club_id=1788
Khouma Babacar,2018/19,Serie A,29,16,,7,,,,StatBunker,32349,https://dr.statbunker.com/competitions/SeasonAppearances?comp_id=623&club_id=1788
Stefano Sensi,2018/19,Serie A,28,23,,2,,,,StatBunker,52919,https://dr.statbunker.com/competitions/SeasonAppearances?comp_id=623&club_id=1788
Alfred Duncan,2018/19,Serie A,26,21,,4,,,,StatBunker,41967,https://dr.statbunker.com/competitions/SeasonAppearances?comp_id=623&club_id=1788
Jeremie Boga,2018/19,Serie A,25,14,,3,,,,StatBunker,50383,https://dr.statbunker.com/competitions/SeasonAppearances?comp_id=623&club_id=1788
Francesco Magnanelli,2018/19,Serie A,24,21,,,,,,StatBunker,44244,https://dr.statbunker.com/competitions/SeasonAppearances?comp_id=623&club_id=1788
Filip Djuricic,2018/19,Serie A,23,16,,2,,,,StatBunker,42062,https://dr.statbunker.com/competitions/SeasonAppearances?comp_id=623&club_id=1788
Giangiacomo Magnani,2018/19,Serie A,21,17,,,,,,StatBunker,58459,https://dr.statbunker.com/competitions/SeasonAppearances?comp_id=623&club_id=1788
Federico Di Francesco,2018/19,Serie A,19,14,,2,,,,StatBunker,12734,https://dr.statbunker.com/competitions/SeasonAppearances?comp_id=623&club_id=1788
Alessandro Matri,2018/19,Serie A,19,6,,2,,,,StatBunker,18139,https://dr.statbunker.com/competitions/SeasonAppearances?comp_id=623&club_id=1788
Marlon,2018/19,Serie A,18,18,,1,,,,StatBunker,54777,https://dr.statbunker.com/competitions/SeasonAppearances?comp_id=623&club_id=1788
Federico Peluso,2018/19,Serie A,16,14,,1,,,,StatBunker,30446,https://dr.statbunker.com/competitions/SeasonAppearances?comp_id=623&club_id=1788
Merih Demiral,2018/19,Serie A,14,14,,2,,,,StatBunker,59701,https://dr.statbunker.com/competitions/SeasonAppearances?comp_id=623&club_id=1788
Kevin-Prince Boateng,2018/19,Serie A,13,11,,4,,,,StatBunker,20415,https://dr.statbunker.com/competitions/SeasonAppearances?comp_id=623&club_id=1788
Enrico Brignola,2018/19,Serie A,7,2,,1,,,,StatBunker,57158,https://dr.statbunker.com/competitions/SeasonAppearances?comp_id=623&club_id=1788
Claud Adjapong,2018/19,Serie A,5,3,,1,,,,StatBunker,53008,https://dr.statbunker.com/competitions/SeasonAppearances?comp_id=623&club_id=1788
Mauricio Lemos,2018/19,Serie A,3,3,,,,,,StatBunker,52462,https://dr.statbunker.com/competitions/SeasonAppearances?comp_id=623&club_id=1788
Gianluca Pegolo,2018/19,Serie A,3,2,,,,,,StatBunker,4458,https://dr.statbunker.com/competitions/SeasonAppearances?comp_id=623&club_id=1788
Cristian Dell'Orco,2018/19,Serie A,3,1,,,,,,StatBunker,54107,https://dr.statbunker.com/competitions/SeasonAppearances?comp_id=623&club_id=1788
Marcelo Trotta,2018/19,Serie A,1,,,,,,,StatBunker,39042,https://dr.statbunker.com/competitions/SeasonAppearances?comp_id=623&club_id=1788
Leonardo Sernicola,2018/19,Serie A,1,,,,,,,StatBunker,59133,https://dr.statbunker.com/competitions/SeasonAppearances?comp_id=623&club_id=1788
Giacomo Raspadori,2018/19,Serie A,1,,,,,,,StatBunker,60339,https://dr.statbunker.com/competitions/SeasonAppearances?comp_id=623&club_id=1788
Jens Odgaard,2018/19,Serie A,1,,,,,,,StatBunker,58455,https://dr.statbunker.com/competitions/SeasonAppearances?comp_id=623&club_id=1788
Francesco Caputo,2019/20,Serie A,36,33,,21,,,,StatBunker,36540,https://dr.statbunker.com/competitions/SeasonAppearances?comp_id=649&club_id=1788
Jeremie Boga,2019/20,Serie A,34,28,,11,,,,StatBunker,50383,https://dr.statbunker.com/competitions/SeasonAppearances?comp_id=649&club_id=1788
Manuel Locatelli,2019/20,Serie A,33,31,,,,,,StatBunker,50160,https://dr.statbunker.com/competitions/SeasonAppearances?comp_id=649&club_id=1788
Andrea Consigli,2019/20,Serie A,31,31,,,,,,StatBunker,29524,https://dr.statbunker.com/competitions/SeasonAppearances?comp_id=649&club_id=1788
Domenico Berardi,2019/20,Serie A,31,29,,14,,,,StatBunker,44251,https://dr.statbunker.com/competitions/SeasonAppearances?comp_id=649&club_id=1788
Hamed Junior Traore,2019/20,Serie A,31,20,,4,,,,StatBunker,58783,https://dr.statbunker.com/competitions/SeasonAppearances?comp_id=649&club_id=1788
Jeremy Toljan,2019/20,Serie A,29,25,,1,,,,StatBunker,19893,https://dr.statbunker.com/competitions/SeasonAppearances?comp_id=649&club_id=1788
Filip Djuricic,2019/20,Serie A,29,19,,5,,,,StatBunker,42062,https://dr.statbunker.com/competitions/SeasonAppearances?comp_id=649&club_id=1788
Georgios Kyriakopoulos,2019/20,Serie A,26,17,,,,,,StatBunker,61582,https://dr.statbunker.com/competitions/SeasonAppearances?comp_id=649&club_id=1788
Pedro Obiang,2019/20,Serie A,25,18,,1,,,,StatBunker,36364,https://dr.statbunker.com/competitions/SeasonAppearances?comp_id=649&club_id=1788
Federico Peluso,2019/20,Serie A,24,18,,,,,,StatBunker,30446,https://dr.statbunker.com/competitions/SeasonAppearances?comp_id=649&club_id=1788
Mert Muldur,2019/20,Serie A,24,13,,2,,,,StatBunker,59299,https://dr.statbunker.com/competitions/SeasonAppearances?comp_id=649&club_id=1788
Marlon,2019/20,Serie A,23,21,,,,,,StatBunker,54777,https://dr.statbunker.com/competitions/SeasonAppearances?comp_id=649&club_id=1788
Gianmarco Ferrari,2019/20,Serie A,23,21,,,,,,StatBunker,53652,https://dr.statbunker.com/competitions/SeasonAppearances?comp_id=649&club_id=1788
Francesco Magnanelli,2019/20,Serie A,22,15,,,,,,StatBunker,44244,https://dr.statbunker.com/competitions/SeasonAppearances?comp_id=649&club_id=1788
Filippo Romagna,2019/20,Serie A,18,16,,,,,,StatBunker,46036,https://dr.statbunker.com/competitions/SeasonAppearances?comp_id=649&club_id=1788
Mehdi Bourabia,2019/20,Serie A,17,10,,1,,,,StatBunker,29508,https://dr.statbunker.com/competitions/SeasonAppearances?comp_id=649&club_id=1788
Grégoire Defrel,2019/20,Serie A,17,9,,3,,,,StatBunker,48752,https://dr.statbunker.com/competitions/SeasonAppearances?comp_id=649&club_id=1788
Rogerio,2019/20,Serie A,15,12,,1,,,,StatBunker,57285,https://dr.statbunker.com/competitions/SeasonAppearances?comp_id=649&club_id=1788
Alfred Duncan,2019/20,Serie A,13,10,,1,,,,StatBunker,41967,https://dr.statbunker.com/competitions/SeasonAppearances?comp_id=649&club_id=1788
Lukáš Haraslín,2019/20,Serie A,11,4,,1,,,,StatBunker,45811,https://dr.statbunker.com/competitions/SeasonAppearances?comp_id=649&club_id=1788
Giacomo Raspadori,2019/20,Serie A,11,2,,2,,,,StatBunker,60339,https://dr.statbunker.com/competitions/SeasonAppearances?comp_id=649&club_id=1788
Vlad Chiriches,2019/20,Serie A,9,8,,,,,,StatBunker,39844,https://dr.statbunker.com/competitions/SeasonAppearances?comp_id=649&club_id=1788
Giangiacomo Magnani,2019/20,Serie A,8,1,,1,,,,StatBunker,58459,https://dr.statbunker.com/competitions/SeasonAppearances?comp_id=649&club_id=1788
Gianluca Pegolo,2019/20,Serie A,5,5,,,,,,StatBunker,4458,https://dr.statbunker.com/competitions/SeasonAppearances?comp_id=649&club_id=1788
Andrea Ghion,2019/20,Serie A,3,,,,,,,StatBunker,62409,https://dr.statbunker.com/competitions/SeasonAppearances?comp_id=649&club_id=1788
Giacomo Manzari,2019/20,Serie A,3,,,,,,,StatBunker,62440,https://dr.statbunker.com/competitions/SeasonAppearances?comp_id=649&club_id=1788
Alessandro Tripaldelli,2019/20,Serie A,2,1,,,,,,StatBunker,59382,https://dr.statbunker.com/competitions/SeasonAppearances?comp_id=649&club_id=1788
Stefano Turati,2019/20,Serie A,1,1,,,,,,StatBunker,61965,https://dr.statbunker.com/competitions/SeasonAppearances?comp_id=649&club_id=1788
Luca Mazzitelli,2019/20,Serie A,1,,,,,,,StatBunker,46644,https://dr.statbunker.com/competitions/SeasonAppearances?comp_id=649&club_id=1788
Stefano Piccinini,2019/20,Serie A,1,,,,,,,StatBunker,62387,https://dr.statbunker.com/competitions/SeasonAppearances?comp_id=649&club_id=1788
Andrea Consigli,2020/21,Serie A,37,37,,,,,,StatBunker,29524,https://dr.statbunker.com/competitions/SeasonAppearances?comp_id=676&club_id=1788
Hamed Junior Traore,2020/21,Serie A,35,20,,5,,,,StatBunker,58783,https://dr.statbunker.com/competitions/SeasonAppearances?comp_id=676&club_id=1788
Gianmarco Ferrari,2020/21,Serie A,34,33,,,,,,StatBunker,53652,https://dr.statbunker.com/competitions/SeasonAppearances?comp_id=676&club_id=1788
Manuel Locatelli,2020/21,Serie A,34,32,,4,,,,StatBunker,50160,https://dr.statbunker.com/competitions/SeasonAppearances?comp_id=676&club_id=1788
Filip Djuricic,2020/21,Serie A,32,27,,5,,,,StatBunker,42062,https://dr.statbunker.com/competitions/SeasonAppearances?comp_id=676&club_id=1788
Pedro Obiang,2020/21,Serie A,32,16,,,,,,StatBunker,36364,https://dr.statbunker.com/competitions/SeasonAppearances?comp_id=676&club_id=1788
Domenico Berardi,2020/21,Serie A,30,28,,17,,,,StatBunker,44251,https://dr.statbunker.com/competitions/SeasonAppearances?comp_id=676&club_id=1788
Maxime Lopez,2020/21,Serie A,29,22,,2,,,,StatBunker,52490,https://dr.statbunker.com/competitions/SeasonAppearances?comp_id=676&club_id=1788
Rogerio,2020/21,Serie A,28,21,,,,,,StatBunker,57285,https://dr.statbunker.com/competitions/SeasonAppearances?comp_id=676&club_id=1788
Mert Muldur,2020/21,Serie A,28,18,,,,,,StatBunker,59299,https://dr.statbunker.com/competitions/SeasonAppearances?comp_id=676&club_id=1788
Grégoire Defrel,2020/21,Serie A,28,14,,3,,,,StatBunker,48752,https://dr.statbunker.com/competitions/SeasonAppearances?comp_id=676&club_id=1788
Jeremie Boga,2020/21,Serie A,27,20,,4,,,,StatBunker,50383,https://dr.statbunker.com/competitions/SeasonAppearances?comp_id=676&club_id=1788
Giacomo Raspadori,2020/21,Serie A,27,13,,6,,,,StatBunker,60339,https://dr.statbunker.com/competitions/SeasonAppearances?comp_id=676&club_id=1788
Francesco Caputo,2020/21,Serie A,25,19,,11,,,,StatBunker,36540,https://dr.statbunker.com/competitions/SeasonAppearances?comp_id=676&club_id=1788
Jeremy Toljan,2020/21,Serie A,25,18,,,,,,StatBunker,19893,https://dr.statbunker.com/competitions/SeasonAppearances?comp_id=676&club_id=1788
Vlad Chiriches,2020/21,Serie A,24,22,,2,,,,StatBunker,39844,https://dr.statbunker.com/competitions/SeasonAppearances?comp_id=676&club_id=1788
Marlon,2020/21,Serie A,24,19,,,,,,StatBunker,54777,https://dr.statbunker.com/competitions/SeasonAppearances?comp_id=676&club_id=1788
Georgios Kyriakopoulos,2020/21,Serie A,23,16,,1,,,,StatBunker,61582,https://dr.statbunker.com/competitions/SeasonAppearances?comp_id=676&club_id=1788
Kaan Ayhan,2020/21,Serie A,19,7,,,,,,StatBunker,16743,https://dr.statbunker.com/competitions/SeasonAppearances?comp_id=676&club_id=1788
Mehdi Bourabia,2020/21,Serie A,15,4,,1,,,,StatBunker,29508,https://dr.statbunker.com/competitions/SeasonAppearances?comp_id=676&club_id=1788
Lukáš Haraslín,2020/21,Serie A,14,2,,,,,,StatBunker,45811,https://dr.statbunker.com/competitions/SeasonAppearances?comp_id=676&club_id=1788
Francesco Magnanelli,2020/21,Serie A,10,7,,,,,,StatBunker,44244,https://dr.statbunker.com/competitions/SeasonAppearances?comp_id=676&club_id=1788
Federico Peluso,2020/21,Serie A,6,2,,,,,,StatBunker,30446,https://dr.statbunker.com/competitions/SeasonAppearances?comp_id=676&club_id=1788
Brian Oddei,2020/21,Serie A,5,,,,,,,StatBunker,63824,https://dr.statbunker.com/competitions/SeasonAppearances?comp_id=676&club_id=1788
Gianluca Pegolo,2020/21,Serie A,1,1,,,,,,StatBunker,4458,https://dr.statbunker.com/competitions/SeasonAppearances?comp_id=676&club_id=1788
Federico Ricci,2020/21,Serie A,1,,,,,,,StatBunker,41783,https://dr.statbunker.com/competitions/SeasonAppearances?comp_id=676&club_id=1788
Nicolas Schiappacasse,2020/21,Serie A,1,,,,,,,StatBunker,55469,https://dr.statbunker.com/competitions/SeasonAppearances?comp_id=676&club_id=1788
Isaac Karamoko,2020/21,Serie A,1,,,,,,,StatBunker,64097,https://dr.statbunker.com/competitions/SeasonAppearances?comp_id=676&club_id=1788
Grégoire Defrel,2021/22,Serie A,38,11,,2,,,,StatBunker,48752,https://dr.statbunker.com/competitions/SeasonAppearances?comp_id=696&club_id=1788
Andrea Consigli,2021/22,Serie A,37,37,,,,,,StatBunker,29524,https://dr.statbunker.com/competitions/SeasonAppearances?comp_id=696&club_id=1788
Gianmarco Ferrari,2021/22,Serie A,36,35,,1,,,,StatBunker,53652,https://dr.statbunker.com/competitions/SeasonAppearances?comp_id=696&club_id=1788
Davide Frattesi,2021/22,Serie A,36,35,,4,,,,StatBunker,54997,https://dr.statbunker.com/competitions/SeasonAppearances?comp_id=696&club_id=1788
Giacomo Raspadori,2021/22,Serie A,36,32,,10,,,,StatBunker,60339,https://dr.statbunker.com/competitions/SeasonAppearances?comp_id=696&club_id=1788
Gianluca Scamacca,2021/22,Serie A,36,25,,16,,,,StatBunker,57084,https://dr.statbunker.com/competitions/SeasonAppearances?comp_id=696&club_id=1788
Maxime Lopez,2021/22,Serie A,35,33,,2,,,,StatBunker,52490,https://dr.statbunker.com/competitions/SeasonAppearances?comp_id=696&club_id=1788
Domenico Berardi,2021/22,Serie A,33,33,,15,,,,StatBunker,44251,https://dr.statbunker.com/competitions/SeasonAppearances?comp_id=696&club_id=1788
Mert Muldur,2021/22,Serie A,31,24,,,,,,StatBunker,59299,https://dr.statbunker.com/competitions/SeasonAppearances?comp_id=696&club_id=1788
Hamed Junior Traore,2021/22,Serie A,31,21,,7,,,,StatBunker,58783,https://dr.statbunker.com/competitions/SeasonAppearances?comp_id=696&club_id=1788
Vlad Chiriches,2021/22,Serie A,29,27,,,,,,StatBunker,39844,https://dr.statbunker.com/competitions/SeasonAppearances?comp_id=696&club_id=1788
Georgios Kyriakopoulos,2021/22,Serie A,29,22,,,,,,StatBunker,61582,https://dr.statbunker.com/competitions/SeasonAppearances?comp_id=696&club_id=1788
Matheus Henrique,2021/22,Serie A,25,10,,,,,,StatBunker,65524,https://dr.statbunker.com/competitions/SeasonAppearances?comp_id=696&club_id=1788
Rogerio,2021/22,Serie A,23,19,,,,,,StatBunker,57285,https://dr.statbunker.com/competitions/SeasonAppearances?comp_id=696&club_id=1788
Kaan Ayhan,2021/22,Serie A,23,14,,1,,,,StatBunker,16743,https://dr.statbunker.com/competitions/SeasonAppearances?comp_id=696&club_id=1788
Abdou Harroui,2021/22,Serie A,22,3,,,,,,StatBunker,57753,https://dr.statbunker.com/competitions/SeasonAppearances?comp_id=696&club_id=1788
Jeremy Toljan,2021/22,Serie A,20,15,,,,,,StatBunker,19893,https://dr.statbunker.com/competitions/SeasonAppearances?comp_id=696&club_id=1788
Filip Djuricic,2021/22,Serie A,12,9,,2,,,,StatBunker,42062,https://dr.statbunker.com/competitions/SeasonAppearances?comp_id=696&club_id=1788
Jeremie Boga,2021/22,Serie A,12,8,,,,,,StatBunker,50383,https://dr.statbunker.com/competitions/SeasonAppearances?comp_id=696&club_id=1788
Francesco Magnanelli,2021/22,Serie A,12,2,,,,,,StatBunker,44244,https://dr.statbunker.com/competitions/SeasonAppearances?comp_id=696&club_id=1788
Ruan,2021/22,Serie A,10,,,,,,,StatBunker,65525,https://dr.statbunker.com/competitions/SeasonAppearances?comp_id=696&club_id=1788
Emil Konradsen Ceide,2021/22,Serie A,6,,,,,,,StatBunker,58697,https://dr.statbunker.com/competitions/SeasonAppearances?comp_id=696&club_id=1788
Francesco Caputo,2021/22,Serie A,2,2,,,,,,StatBunker,36540,https://dr.statbunker.com/competitions/SeasonAppearances?comp_id=696&club_id=1788
Brian Oddei,2021/22,Serie A,2,,,,,,,StatBunker,63824,https://dr.statbunker.com/competitions/SeasonAppearances?comp_id=696&club_id=1788
Federico Peluso,2021/22,Serie A,2,,,,,,,StatBunker,30446,https://dr.statbunker.com/competitions/SeasonAppearances?comp_id=696&club_id=1788
Luigi Samele,2021/22,Serie A,2,,,,,,,StatBunker,64477,https://dr.statbunker.com/competitions/SeasonAppearances?comp_id=696&club_id=1788
Gianluca Pegolo,2021/22,Serie A,1,1,,,,,,StatBunker,4458,https://dr.statbunker.com/competitions/SeasonAppearances?comp_id=696&club_id=1788
Edoardo Goldaniga,2021/22,Serie A,1,,,,,,,StatBunker,43188,https://dr.statbunker.com/competitions/SeasonAppearances?comp_id=696&club_id=1788
Giacomo Satalino,2021/22,Serie A,1,,,,,,,StatBunker,53052,https://dr.statbunker.com/competitions/SeasonAppearances?comp_id=696&club_id=1788
