provider_player_id,provider_player_name,reep_id,reep_name,date_of_birth,key_sofascore,key_api_football,local_player_id,local_player_name,status,confidence,source_url,last_verified_at
218971,Achraf Lazaar,reep_p582652a9,Achraf Lazaar,1992-01-22,,19376,,,local_missing,unresolved,https://github.com/withqwerty/reep,2026-08-13
228928,Adam Marušić,reep_pf4ea39dc,Adam Marušić,1992-10-17,267619,1844,,,local_missing,unresolved,https://github.com/withqwerty/reep,2026-08-13
232822,Adam Masina,reep_pc5609d07,Adam Masina,1994-01-02,,,,,local_missing,unresolved,https://github.com/withqwerty/reep,2026-08-13
299557,Ádám Nagy,reep_p568ff56e,Ádám Nagy,1995-06-17,795713,30481,,,local_missing,unresolved,https://github.com/withqwerty/reep,2026-08-13
300830,Adam Ounas,reep_p54f81638,Adam Ounas,1996-11-11,818440,327,,,local_missing,unresolved,https://github.com/withqwerty/reep,2026-08-13
9080,Adel Taarabt,reep_pa555df7f,Adel Taarabt,1989-05-24,18126,578,,,local_missing,unresolved,https://github.com/withqwerty/reep,2026-08-13
20941,Adem Ljajić,reep_p3bda4a5b,Adem Ljajić,1991-09-29,39587,2002,,,local_missing,unresolved,https://github.com/withqwerty/reep,2026-08-13
21655,Adrian Marius Stoian,,,,,,,,reep_missing,unresolved,https://github.com/withqwerty/reep,2026-08-13
213387,Adrián Ricardo Centurión,reep_p430283d3,Ricardo Centurión,1993-01-19,249397,,,,local_missing,unresolved,https://github.com/withqwerty/reep,2026-08-13
20812,Afriyie Acquah,reep_p1c8d0def,Afriyie Acquah,1992-01-05,127257,,,,local_missing,unresolved,https://github.com/withqwerty/reep,2026-08-13
20540,Albano Benjamín Bizzarri,,,,,,,,reep_missing,unresolved,https://github.com/withqwerty/reep,2026-08-13
21415,Alberto Brignoli,reep_pcad93803,Alberto Brignoli,1991-08-19,142904,31538,,,local_missing,unresolved,https://github.com/withqwerty/reep,2026-08-13
134435,Alberto Grassi,reep_p5e77fae1,Alberto Grassi,1995-03-07,186845,31021,,,local_missing,unresolved,https://github.com/withqwerty/reep,2026-08-13
20661,Alberto Paloschi,reep_pec9ce155,Alberto Paloschi,1990-01-04,33903,30878,,,local_missing,unresolved,https://github.com/withqwerty/reep,2026-08-13
20434,Aleandro Rosi,reep_pa30c80c5,Aleandro Rosi,1987-05-17,5572,,3316,Aleandro Rosi,unique_name_match,reviewed_exact_name,https://github.com/withqwerty/reep,2026-08-13
339791,Alejandro Berenguer Remiro,reep_p761b5ba2,Alejandro Berenguer Remiro,1995-07-04,592012,30510,,,local_missing,unresolved,https://github.com/withqwerty/reep,2026-08-13
21077,Alejandro Darío Gómez,reep_pcf06e7be,Papu Gómez,1988-02-15,33381,30433,,,local_missing,unresolved,https://github.com/withqwerty/reep,2026-08-13
8306,Aleksandar Kolarov,reep_p7db643e7,Aleksandar Kolarov,1985-11-10,26097,,,,local_missing,unresolved,https://github.com/withqwerty/reep,2026-08-13
99423,Aleksandar Tonev,,,,,,,,reep_missing,unresolved,https://github.com/withqwerty/reep,2026-08-13
22566,Alessandro  Florenzi,reep_p5b7964bd,Alessandro Florenzi,1991-03-11,,769,,,local_missing,unresolved,https://github.com/withqwerty/reep,2026-08-13
405597,Alessandro Bastoni,reep_p5028fe49,Alessandro Bastoni,1999-04-13,826188,31009,,,local_missing,unresolved,https://github.com/withqwerty/reep,2026-08-13
270034,Alessandro Bellemo,reep_p8c10f0d7,Alessandro Bellemo,1995-08-07,346060,56193,,,local_missing,unresolved,https://github.com/withqwerty/reep,2026-08-13
417230,Alessandro Confente,reep_pfe20c0bf,Alessandro Confente,1998-06-07,820159,56864,,,local_missing,unresolved,https://github.com/withqwerty/reep,2026-08-13
263591,Alessandro Deiola,reep_p00d30ec3,Alessandro Deiola,1995-08-01,328109,30561,,,local_missing,unresolved,https://github.com/withqwerty/reep,2026-08-13
20929,Alessandro Gamberini,reep_p7bcf1631,Alessandro Gamberini,1981-08-27,,,,,local_missing,unresolved,https://github.com/withqwerty/reep,2026-08-13
20478,Alessandro Matri,reep_p3d49fbcd,Alessandro Matri,1984-08-19,25577,,3332,Alessandro Matri,unique_name_match,reviewed_exact_name,https://github.com/withqwerty/reep,2026-08-13
346908,Alessandro Murgia,reep_p76e466b4,Alessandro Murgia,1996-08-09,559470,30868,,,local_missing,unresolved,https://github.com/withqwerty/reep,2026-08-13
20947,Alessio Cerci,reep_pcad1c0c2,Alessio Cerci,1987-07-23,,,,,local_missing,unresolved,https://github.com/withqwerty/reep,2026-08-13
134413,Alessio Cragno,reep_p8255fb71,Alessio Cragno,1994-06-28,148740,30546,162,Alessio Cragno,unique_name_match,reviewed_exact_name,https://github.com/withqwerty/reep,2026-08-13
146588,Alessio Romagnoli,reep_p8dcf7844,Alessio Romagnoli,1995-01-12,227864,1632,,,local_missing,unresolved,https://github.com/withqwerty/reep,2026-08-13
21494,Alex Cordaz,reep_p18a6cdd6,Alex Cordaz,1983-01-01,43872,30974,,,local_missing,unresolved,https://github.com/withqwerty/reep,2026-08-13
263433,Alex Ferrari,reep_p01125b8c,Alex Ferrari,1994-07-01,327429,30446,,,local_missing,unresolved,https://github.com/withqwerty/reep,2026-08-13
286215,Alex Meret,reep_pfcf02dc2,Alex Meret,1997-03-22,592794,312,,,local_missing,unresolved,https://github.com/withqwerty/reep,2026-08-13
70084,Alex Sandro Lobo Silva,reep_pcf238e61,Alex Sandro,1991-01-26,84854,860,,,local_missing,unresolved,https://github.com/withqwerty/reep,2026-08-13
21098,Alfred Benjamin Gomis,reep_p14f20892,Alfred Gomis,1993-09-05,143695,2985,,,local_missing,unresolved,https://github.com/withqwerty/reep,2026-08-13
131184,Ali Adnan Kadhim Al Tameemi,reep_p87c9bba0,Ali Adnan Kadhim,1993-12-19,331429,,,,local_missing,unresolved,https://github.com/withqwerty/reep,2026-08-13
85113,Alin Dorinel Toșca,reep_p3244d75d,Alin Toșca,1992-03-14,110210,2366,,,local_missing,unresolved,https://github.com/withqwerty/reep,2026-08-13
214220,Alisson Ramsés Becker,reep_p5ea14e80,Alisson,1992-10-02,,,,,local_missing,unresolved,https://github.com/withqwerty/reep,2026-08-13
40726,Allan Marques Loureiro,reep_p3cf93ee3,Allan,1991-01-08,,326,,,local_missing,unresolved,https://github.com/withqwerty/reep,2026-08-13
374013,Amadou Diawara,reep_p036782d7,Amadou Diawara,1997-07-17,788895,324,,,local_missing,unresolved,https://github.com/withqwerty/reep,2026-08-13
134484,Amato Ciciretti,reep_p21589ec0,Amato Ciciretti,1993-12-31,185349,,,,local_missing,unresolved,https://github.com/withqwerty/reep,2026-08-13
135927,André Miguel Valente Silva,reep_p7ea0181a,André Silva,1995-11-06,190159,2063,,,local_missing,unresolved,https://github.com/withqwerty/reep,2026-08-13
20815,Andrea Barberis,reep_pcc617b2c,Andrea Barberis,1993-12-11,152910,30989,,,local_missing,unresolved,https://github.com/withqwerty/reep,2026-08-13
20458,Andrea Barzagli,reep_p8a582179,Andrea Barzagli,1981-05-08,2860,,,,local_missing,unresolved,https://github.com/withqwerty/reep,2026-08-13
21234,Andrea Belotti,reep_pb8a8a4b5,Andrea Belotti,1993-12-20,,30509,,,local_missing,unresolved,https://github.com/withqwerty/reep,2026-08-13
20749,Andrea Bertolacci,reep_pdb30cb29,Andrea Bertolacci,1991-01-11,47568,1636,,,local_missing,unresolved,https://github.com/withqwerty/reep,2026-08-13
20832,Andrea Consigli,reep_pec997d44,Andrea Consigli,1987-01-27,38618,30516,3321,Andrea Consigli,unique_name_match,reviewed_exact_name,https://github.com/withqwerty/reep,2026-08-13
20874,Andrea Cossu,reep_pbfe24ee8,Andrea Cossu,1980-05-03,11661,,,,local_missing,unresolved,https://github.com/withqwerty/reep,2026-08-13
20609,Andrea Costa,reep_p24b38ea6,Andrea Costa,1986-02-01,34501,,,,local_missing,unresolved,https://github.com/withqwerty/reep,2026-08-13
523089,Andrea Danzi,reep_p139d1f38,Andrea Danzi,1999-02-25,893993,30928,,,local_missing,unresolved,https://github.com/withqwerty/reep,2026-08-13
20841,Andrea Masiello,reep_p6054e692,Andrea Masiello,1986-02-05,17814,30426,,,local_missing,unresolved,https://github.com/withqwerty/reep,2026-08-13
272878,Andrea Nalini,reep_p6d5d2fc0,Andrea Nalini,1990-06-20,347728,,,,local_missing,unresolved,https://github.com/withqwerty/reep,2026-08-13
246175,Andrea Petagna,reep_pe0f1cc11,Andrea Petagna,1995-06-30,295973,30879,,,local_missing,unresolved,https://github.com/withqwerty/reep,2026-08-13
405608,Andrea Pinamonti,reep_pd5ab1bcb,Andrea Pinamonti,1999-05-19,826198,31094,278,Andrea Pinamonti,unique_name_match,reviewed_exact_name,https://github.com/withqwerty/reep,2026-08-13
20529,Andrea Poli,reep_p2d718647,Andrea Poli,1989-09-29,29746,30482,327,Andrea Poli,unique_name_match,reviewed_exact_name,https://github.com/withqwerty/reep,2026-08-13
20519,Andrea Ranocchia,reep_pc81ff6fe,Andrea Ranocchia,1988-02-16,,,,,local_missing,unresolved,https://github.com/withqwerty/reep,2026-08-13
397237,Andrea Romagnoli,reep_p2e06fe0f,Andrea Romagnoli,1998-07-29,845893,,,,local_missing,unresolved,https://github.com/withqwerty/reep,2026-08-13
21840,Andrea Seculin,reep_pf5723c39,Andrea Seculin,1990-07-14,46395,30732,,,local_missing,unresolved,https://github.com/withqwerty/reep,2026-08-13
218982,Andrea Tozzo,reep_pc27653d1,Andrea Tozzo,1992-08-30,,,,,local_missing,unresolved,https://github.com/withqwerty/reep,2026-08-13
135150,Andreas Evald Cornelius,reep_pb74aafb6,Andreas Cornelius,1993-03-16,183483,1274,,,local_missing,unresolved,https://github.com/withqwerty/reep,2026-08-13
412914,Andreaw Rayan Gravillon,reep_pa918d523,Andreaw Gravillon,1998-02-08,827934,31483,,,local_missing,unresolved,https://github.com/withqwerty/reep,2026-08-13
22020,Andrey Galabinov,reep_p3ec5617b,Andrey Galabinov,1988-11-27,80110,,,,local_missing,unresolved,https://github.com/withqwerty/reep,2026-08-13
300669,Andrija Balić,reep_pa7736af7,Andrija Balić,1997-08-11,,37009,,,local_missing,unresolved,https://github.com/withqwerty/reep,2026-08-13
20604,Angelo Esmael da Costa Júnior,reep_p56aeda4f,Angelo da Costa Júnior,1983-11-12,,30466,,,local_missing,unresolved,https://github.com/withqwerty/reep,2026-08-13
392395,Aniello Viscovo,reep_p7bd46a1f,Aniello Viscovo,1999-06-21,,,,,local_missing,unresolved,https://github.com/withqwerty/reep,2026-08-13
69513,Ante Budimir,reep_pa8149dbd,Ante Budimir,1991-07-22,37318,46746,,,local_missing,unresolved,https://github.com/withqwerty/reep,2026-08-13
265172,Antonín Barák,reep_pd3c21b03,Antonín Barák,1994-12-03,330705,30803,,,local_missing,unresolved,https://github.com/withqwerty/reep,2026-08-13
22699,Antonino Ragusa,reep_pe828dd1b,Antonino Ragusa,1990-03-27,105964,91301,3384,Antonino Ragusa,unique_name_match,reviewed_exact_name,https://github.com/withqwerty/reep,2026-08-13
22093,Antonio Aldo Caracciolo,reep_pf633f6c3,Antonio Caracciolo,1990-06-30,116666,31604,,,local_missing,unresolved,https://github.com/withqwerty/reep,2026-08-13
300373,Antonio Barreca,,,,,,,,reep_missing,unresolved,https://github.com/withqwerty/reep,2026-08-13
20556,Antonio Candreva,reep_p578e5f8f,Antonio Candreva,1987-02-28,,202,,,local_missing,unresolved,https://github.com/withqwerty/reep,2026-08-13
22085,Antonio Donnarumma,reep_p75e2dce2,Antonio Donnarumma,1990-07-07,125921,1621,,,local_missing,unresolved,https://github.com/withqwerty/reep,2026-08-13
20483,Antonio Mirante,reep_pe9f6246b,Antonio Mirante el flecheiro,1983-07-08,27955,765,,,local_missing,unresolved,https://github.com/withqwerty/reep,2026-08-13
190168,Antonio Santurro,reep_p9d34fe42,Antonio Santurro,1992-02-29,,,,,local_missing,unresolved,https://github.com/withqwerty/reep,2026-08-13
99452,Arkadiusz Milik,reep_p892682b6,Arkadiusz Milik,1994-02-28,161325,333,,,local_missing,unresolved,https://github.com/withqwerty/reep,2026-08-13
49857,Arlind Ajeti,reep_p0f544b80,Arlind Ajeti,1993-09-25,111746,48566,,,local_missing,unresolved,https://github.com/withqwerty/reep,2026-08-13
50073,Artur Ioniţă,reep_pd6f37a91,Artur Ioniță,1990-08-17,,30564,,,local_missing,unresolved,https://github.com/withqwerty/reep,2026-08-13
7858,Bacary Sagna,reep_pc581cc46,Bacary Sagna,1983-02-14,1053,,,,local_missing,unresolved,https://github.com/withqwerty/reep,2026-08-13
265431,Bartłomiej Drągowski,reep_p7bab4eef,Bartłomiej Drągowski,1997-08-19,329519,31035,,,local_missing,unresolved,https://github.com/withqwerty/reep,2026-08-13
208865,Bartolomeu Jacinto Quissanga,reep_p107c7583,Bartolomeu Jacinto Quissanga,1991-11-23,215956,1845,,,local_missing,unresolved,https://github.com/withqwerty/reep,2026-08-13
99833,Bartosz Bereszyński,reep_p22738471,Bartosz Bereszyński,1992-07-12,109461,3000,,,local_missing,unresolved,https://github.com/withqwerty/reep,2026-08-13
20723,Bartosz Salamon,reep_p7a5eca44,Bartosz Salamon,1991-05-01,75994,31076,,,local_missing,unresolved,https://github.com/withqwerty/reep,2026-08-13
22695,Benito Nicolas Viola,reep_p8b028854,Nicolas Viola,1989-10-12,21608,,,,local_missing,unresolved,https://github.com/withqwerty/reep,2026-08-13
50007,Berat  Djimsiti,reep_pfeacff91,Berat Djimsiti,1993-02-19,151003,30421,,,local_missing,unresolved,https://github.com/withqwerty/reep,2026-08-13
25437,Blaise Matuidi,reep_peb32f448,Blaise Matuidi,1987-04-09,5846,,,,local_missing,unresolved,https://github.com/withqwerty/reep,2026-08-13
21169,Blerim Džemaili,reep_p47e45143,Blerim Džemaili,1986-04-12,4370,30478,,,local_missing,unresolved,https://github.com/withqwerty/reep,2026-08-13
20426,Bogdan Ionuț Lobonț,,,,,,,,reep_missing,unresolved,https://github.com/withqwerty/reep,2026-08-13
3543,Borja Valero Iglesias,reep_p1dddaadd,Borja Valero,1985-01-12,19373,,,,local_missing,unresolved,https://github.com/withqwerty/reep,2026-08-13
20637,Boštjan Cesar,reep_pff9e4cc1,Boštjan Cesar,1982-07-09,11068,30738,,,local_missing,unresolved,https://github.com/withqwerty/reep,2026-08-13
20639,Boukary Dramé,reep_p33240318,Boukary Dramé,1985-07-22,27037,,,,local_missing,unresolved,https://github.com/withqwerty/reep,2026-08-13
394,Bram Nuytinck,reep_p77c2932f,Bram Nuytinck,1990-05-04,70930,30797,,,local_missing,unresolved,https://github.com/withqwerty/reep,2026-08-13
402017,Bright Gyamfi,reep_p0620f270,Bright Gyamfi,1996-01-20,,30619,,,local_missing,unresolved,https://github.com/withqwerty/reep,2026-08-13
401277,Bruno André Cavaco Jordão,reep_pac8090d1,Bruno Jordão,1998-10-12,845791,1853,,,local_missing,unresolved,https://github.com/withqwerty/reep,2026-08-13
44251,Bruno da Silva Peres,reep_pf8773306,Bruno Peres,1990-03-01,243175,9948,,,local_missing,unresolved,https://github.com/withqwerty/reep,2026-08-13
22185,Bruno Martella,reep_p8f634482,Bruno Martella,1992-08-14,,31134,,,local_missing,unresolved,https://github.com/withqwerty/reep,2026-08-13
222766,Bruno Miguel Boialvo Gaspar,reep_pebead168,Bruno Gaspar,1993-04-21,252819,1475,,,local_missing,unresolved,https://github.com/withqwerty/reep,2026-08-13
252589,Bruno Petković,reep_p39bac994,Bruno Petković,1994-09-16,309306,1331,,,local_missing,unresolved,https://github.com/withqwerty/reep,2026-08-13
86309,Bruno Zuculini,reep_p1dc9bfa6,Bruno Zuculini,1993-04-02,,6008,,,local_missing,unresolved,https://github.com/withqwerty/reep,2026-08-13
20404,Bryan Cristante,reep_p12cc0536,Bryan Cristante,1995-03-03,186855,778,,,local_missing,unresolved,https://github.com/withqwerty/reep,2026-08-13
26000,Bryan Dabo,reep_p84f05da3,Bryan Dabo,1992-02-18,,30404,,,local_missing,unresolved,https://github.com/withqwerty/reep,2026-08-13
21128,Carlo Pinsoglio,reep_p99404d3d,Carlo Pinsoglio,1990-03-16,46420,850,,,local_missing,unresolved,https://github.com/withqwerty/reep,2026-08-13
26518,Carlos Alberto Sánchez Moreno,reep_pa368616e,Carlos Sánchez,1986-02-06,26995,18827,,,local_missing,unresolved,https://github.com/withqwerty/reep,2026-08-13
340085,Ćazim Suljić,reep_p9ebd4e15,Ćazim Suljić,1996-10-29,,56446,,,local_missing,unresolved,https://github.com/withqwerty/reep,2026-08-13
350032,Cengiz Ünder,reep_p4c1a2cbc,Cengiz Ünder,1997-07-14,758876,785,,,local_missing,unresolved,https://github.com/withqwerty/reep,2026-08-13
149846,César Alejandro Falletti dos Santos,reep_p8f8ffb05,César Falletti,1992-12-02,345899,31553,,,local_missing,unresolved,https://github.com/withqwerty/reep,2026-08-13
92900,Charalampos Lykogiannis,reep_p09ec57af,Charalampos Lykogiannis,1993-10-22,98212,,,,local_missing,unresolved,https://github.com/withqwerty/reep,2026-08-13
361779,Cheick Keita,reep_pe0bc6c29,Cheick Keita,1996-04-16,588162,8637,,,local_missing,unresolved,https://github.com/withqwerty/reep,2026-08-13
25601,Cheick Tidiane Diabaté,reep_p66ce1a91,Cheick Diabaté,1988-04-25,44298,,,,local_missing,unresolved,https://github.com/withqwerty/reep,2026-08-13
267185,Christian Dell'Orco,reep_pade24248,Cristian Dell'Orco,1994-02-10,,31041,3338,Cristian Dell'Orco,unique_name_match,reviewed_exact_name,https://github.com/withqwerty/reep,2026-08-13
21173,Christian Maggio,reep_p2a980aca,Christian Maggio,1982-02-11,14374,,,,local_missing,unresolved,https://github.com/withqwerty/reep,2026-08-13
20632,Christian Puggioni,reep_pcfe1878c,Christian Puggioni,1981-01-17,21088,,,,local_missing,unresolved,https://github.com/withqwerty/reep,2026-08-13
21384,Ciro Immobile,reep_pbc63c678,Ciro Immobile,1990-02-20,45923,1863,,,local_missing,unresolved,https://github.com/withqwerty/reep,2026-08-13
417231,Claud Adjapong,reep_p73a63316,Claud Adjapong,1998-05-06,816839,30520,3331,Claud Adjapong,unique_name_match,reviewed_exact_name,https://github.com/withqwerty/reep,2026-08-13
20470,Claudio Marchisio,reep_pa0d265a7,Claudio Marchisio,1986-01-19,27919,,,,local_missing,unresolved,https://github.com/withqwerty/reep,2026-08-13
101742,Cristian Daniel Ansaldi,reep_p537e3f12,Cristian Ansaldi,1986-09-20,,30496,,,local_missing,unresolved,https://github.com/withqwerty/reep,2026-08-13
3531,Cristian Eduardo Zapata Valencia,reep_p030310f1,Cristián Zapata,1986-09-30,12673,1634,,,local_missing,unresolved,https://github.com/withqwerty/reep,2026-08-13
14745,Cristian Molinaro,reep_pb525bc85,Cristian Molinaro,1983-07-30,11658,,,,local_missing,unresolved,https://github.com/withqwerty/reep,2026-08-13
21842,Cristiano Biraghi,reep_p3e93e039,Cristiano Biraghi,1992-09-01,122848,30396,,,local_missing,unresolved,https://github.com/withqwerty/reep,2026-08-13
255670,Cristiano Lombardi,reep_pea4ea81c,Cristiano Lombardi,1995-08-19,,31377,,,local_missing,unresolved,https://github.com/withqwerty/reep,2026-08-13
20663,Cyril Théréau,reep_p528bd0f1,Cyril Théréau,1983-04-24,17895,,,,local_missing,unresolved,https://github.com/withqwerty/reep,2026-08-13
298212,Dalbert Henrique Chagas Estevão,reep_p4e5f9f90,Dalbert,1993-09-08,,192,,,local_missing,unresolved,https://github.com/withqwerty/reep,2026-08-13
22381,Daniel Bessa,reep_p84a64e72,Daniel Bessa,1993-01-14,301164,30778,,,local_missing,unresolved,https://github.com/withqwerty/reep,2026-08-13
49979,Daniel Pavlovic,reep_p93dcf359,Daniel Pavlović,1988-04-22,37778,,,,local_missing,unresolved,https://github.com/withqwerty/reep,2026-08-13
21507,Daniele Baselli,reep_p32abb757,Daniele Baselli,1992-03-12,168647,30506,,,local_missing,unresolved,https://github.com/withqwerty/reep,2026-08-13
20438,Daniele De Rossi,reep_peec68a5a,Daniele De Rossi,1983-07-24,1780,779,,,local_missing,unresolved,https://github.com/withqwerty/reep,2026-08-13
20875,Daniele Dessena,reep_pe4b38ee4,Daniele Dessena,1987-05-10,5544,31141,,,local_missing,unresolved,https://github.com/withqwerty/reep,2026-08-13
20572,Daniele Padelli,reep_pdd0fb844,Daniele Padelli,1985-10-25,2899,189,,,local_missing,unresolved,https://github.com/withqwerty/reep,2026-08-13
134427,Daniele Rugani,reep_pe70b891a,Daniele Rugani,1994-07-29,139273,861,,,local_missing,unresolved,https://github.com/withqwerty/reep,2026-08-13
343925,Daniele Verde,reep_p132bcb4a,Daniele Verde,1996-06-20,605580,47500,,,local_missing,unresolved,https://github.com/withqwerty/reep,2026-08-13
256478,Danilo Cataldi,reep_p4e94cee9,Danilo Cataldi,1994-08-06,317301,1852,,,local_missing,unresolved,https://github.com/withqwerty/reep,2026-08-13
21094,Danilo D'Ambrosio,reep_pcc29ded3,Danilo D'Ambrosio,1988-09-09,,,,,local_missing,unresolved,https://github.com/withqwerty/reep,2026-08-13
20583,Danilo Larangeira,,,,,,,,reep_missing,unresolved,https://github.com/withqwerty/reep,2026-08-13
20638,Dario Dainelli,reep_p233a5695,Dario Dainelli,1979-06-09,2010,,,,local_missing,unresolved,https://github.com/withqwerty/reep,2026-08-13
127534,Darko Lazović,reep_pe2e8bd68,Darko Lazović,1990-09-15,,2822,,,local_missing,unresolved,https://github.com/withqwerty/reep,2026-08-13
138402,Dávid Ivan,reep_pbace4ce8,Dávid Ivan,1995-02-26,787372,,,,local_missing,unresolved,https://github.com/withqwerty/reep,2026-08-13
20866,Davide Astori,reep_pa723a24f,Davide Astori,1987-01-07,41447,,,,local_missing,unresolved,https://github.com/withqwerty/reep,2026-08-13
21282,Davide Biondini,reep_pfc9e3d4c,Davide Biondini,1983-01-24,11734,,55,Davide Biondini,unique_name_match,reviewed_exact_name,https://github.com/withqwerty/reep,2026-08-13
206318,Davide Biraschi,reep_p50e18a6d,Davide Biraschi,1994-07-02,233252,30769,,,local_missing,unresolved,https://github.com/withqwerty/reep,2026-08-13
393566,Davide Borsellini,reep_p420a5078,Davide Borsellini,1999-01-04,812844,,,,local_missing,unresolved,https://github.com/withqwerty/reep,2026-08-13
257028,Davide Calabria,reep_p54bb9e52,Davide Calabria,1996-12-06,318607,1627,,,local_missing,unresolved,https://github.com/withqwerty/reep,2026-08-13
20972,Davide Di Gennaro,reep_pd9ce97a2,Davide Di Gennaro,1988-06-16,24927,,,,local_missing,unresolved,https://github.com/withqwerty/reep,2026-08-13
423151,Davide Frattesi,reep_p6425c64b,Davide Frattesi,1999-09-22,835600,31173,3378,Davide Frattesi,unique_name_match,reviewed_exact_name,https://github.com/withqwerty/reep,2026-08-13
7982,Davide Santon,reep_p278ceadb,Davide Santon,1991-01-02,,,,,local_missing,unresolved,https://github.com/withqwerty/reep,2026-08-13
22889,Davide Zappacosta,reep_pe4fb8bf5,Davide Zappacosta,1992-06-11,132318,2286,,,local_missing,unresolved,https://github.com/withqwerty/reep,2026-08-13
240042,Dawid Kownacki,reep_pc3327930,Dawid Kownacki,1997-03-14,286103,3013,,,local_missing,unresolved,https://github.com/withqwerty/reep,2026-08-13
37739,Dennis Praet,reep_p45036d0a,Dennis Praet,1994-05-14,135647,2925,,,local_missing,unresolved,https://github.com/withqwerty/reep,2026-08-13
23314,Diego da Silva Farias,reep_p0c7d0565,Diego Farias,1990-05-10,41008,31061,102,Diego Farias,unique_name_match,reviewed_exact_name,https://github.com/withqwerty/reep,2026-08-13
21861,Diego Falcinelli,reep_p9c00d77e,Diego Falcinelli,1991-06-26,80802,30487,361,Diego Falcinelli,unique_name_match,reviewed_exact_name,https://github.com/withqwerty/reep,2026-08-13
3475,Diego Perotti,reep_p205d3385,Diego Perotti,1988-07-26,47171,,,,local_missing,unresolved,https://github.com/withqwerty/reep,2026-08-13
116269,Diego Sebastián Laxalt Suárez,,,,,,,,reep_missing,unresolved,https://github.com/withqwerty/reep,2026-08-13
209400,Domenico Berardi,reep_p44041303,Domenico Berardi,1994-08-01,253367,30537,281,Domenico Berardi,unique_name_match,reviewed_exact_name,https://github.com/withqwerty/reep,2026-08-13
21306,Domenico Maietta,reep_p6407378f,Domenico Maietta,1982-08-03,86988,,,,local_missing,unresolved,https://github.com/withqwerty/reep,2026-08-13
105334,Douglas  Costa de Souza,reep_pa6406d79,Douglas Costa,1990-09-14,47908,865,,,local_missing,unresolved,https://github.com/withqwerty/reep,2026-08-13
122,Dries Mertens,reep_p980ffb6f,Dries Mertens,1987-05-06,32493,332,,,local_missing,unresolved,https://github.com/withqwerty/reep,2026-08-13
20575,Dušan Basta,reep_pdbcc0ee7,Dušan Basta,1984-08-18,,1838,,,local_missing,unresolved,https://github.com/withqwerty/reep,2026-08-13
86243,Duván Esteban Zapata Banguera,reep_p285f4945,Duván Zapata,1991-04-01,38162,2495,,,local_missing,unresolved,https://github.com/withqwerty/reep,2026-08-13
520774,Eddy Anthony Salcedo Mora,reep_p5f771ffa,Eddie Salcedo,2001-10-01,893643,220,,,local_missing,unresolved,https://github.com/withqwerty/reep,2026-08-13
20626,Eder Citadin Martins,reep_pc47afb76,Éder,1986-11-15,18082,12795,,,local_missing,unresolved,https://github.com/withqwerty/reep,2026-08-13
20816,Édgar Osvaldo Barreto Cáceres,reep_p8ca46870,Édgar Barreto,1984-07-15,28142,,,,local_missing,unresolved,https://github.com/withqwerty/reep,2026-08-13
8327,Edin Džeko,reep_pbd9c51ad,Edin Džeko,1986-03-17,14990,790,,,local_missing,unresolved,https://github.com/withqwerty/reep,2026-08-13
246059,Edoardo Goldaniga,reep_p83b2490e,Edoardo Goldaniga,1993-11-02,295133,31073,3340,Edoardo Goldaniga,unique_name_match,reviewed_exact_name,https://github.com/withqwerty/reep,2026-08-13
239290,Elio Capradossi,reep_p2a678a70,Elio Capradossi,1996-03-11,284355,30824,,,local_missing,unresolved,https://github.com/withqwerty/reep,2026-08-13
21001,Elseid Gëzim Hysaj,reep_p6f44aa99,Elseid Hisaj,1994-02-02,136322,317,,,local_missing,unresolved,https://github.com/withqwerty/reep,2026-08-13
20468,Emanuele Giaccherini,reep_p6ddb2b33,Emanuele Giaccherini,1985-05-05,,,,,local_missing,unresolved,https://github.com/withqwerty/reep,2026-08-13
40787,Emerson Palmieri dos Santos,reep_p5c1e9d44,Emerson Palmieri,1994-08-03,155997,2284,,,local_missing,unresolved,https://github.com/withqwerty/reep,2026-08-13
21314,Emil Hallfreðsson,reep_pd343bd0d,Emil Hallfreðsson,1984-06-29,,,,,local_missing,unresolved,https://github.com/withqwerty/reep,2026-08-13
51064,Emil Krafth,reep_pd7b16f27,Emil Krafth,1994-08-02,150396,2855,,,local_missing,unresolved,https://github.com/withqwerty/reep,2026-08-13
21279,Emiliano Moretti,reep_p1c43d7ba,Emiliano Moretti,1981-06-11,3031,,,,local_missing,unresolved,https://github.com/withqwerty/reep,2026-08-13
20802,Emiliano Viviano,reep_p5806a6b7,Emiliano Viviano,1985-12-01,,30852,,,local_missing,unresolved,https://github.com/withqwerty/reep,2026-08-13
388099,Enrico Bearzotti,reep_p3250a440,Enrico Bearzotti,1996-10-20,812758,,,,local_missing,unresolved,https://github.com/withqwerty/reep,2026-08-13
454457,Enrico Brignola,reep_pb7757e20,Enrico Brignola,1999-07-08,849009,30538,3357,Enrico Brignola,unique_name_match,reviewed_exact_name,https://github.com/withqwerty/reep,2026-08-13
90268,Erick Antonio Pulgar Farfán,reep_p96142af1,Erick Pulgar,1994-01-15,590262,2560,,,local_missing,unresolved,https://github.com/withqwerty/reep,2026-08-13
21517,Eros Schiavon,reep_p3c6607b1,Eros Schiavon,1983-04-24,75899,,,,local_missing,unresolved,https://github.com/withqwerty/reep,2026-08-13
38532,Ervin Zukanović,reep_p0efd264d,Ervin Zukanović,1987-02-11,48543,30777,,,local_missing,unresolved,https://github.com/withqwerty/reep,2026-08-13
50849,Etrit Berisha,reep_p4958ddd8,Etrit Berisha,1989-03-10,35656,30416,,,local_missing,unresolved,https://github.com/withqwerty/reep,2026-08-13
21636,Eugenio Lamanna,reep_p30c0c65d,Eugenio Lamanna,1989-08-07,41472,30820,,,local_missing,unresolved,https://github.com/withqwerty/reep,2026-08-13
45579,Everton Luiz Guimaraes Bilher,reep_pd1a6148f,Everton Luiz,1988-05-24,334467,,,,local_missing,unresolved,https://github.com/withqwerty/reep,2026-08-13
20449,Fabio Borini,reep_p3193b54e,Fabio Borini,1991-03-29,89510,1648,,,local_missing,unresolved,https://github.com/withqwerty/reep,2026-08-13
415809,Fabio Depaoli,reep_p32bef6e0,Fabio Depaoli,1997-04-24,830288,30747,,,local_missing,unresolved,https://github.com/withqwerty/reep,2026-08-13
22732,Fabio Pisacane,reep_p921aa16e,Fabio Pisacane,1986-01-28,,30555,,,local_missing,unresolved,https://github.com/withqwerty/reep,2026-08-13
20479,Fabio Quagliarella,reep_pb661db8f,Fabio Quagliarella,1983-01-31,11621,30463,,,local_missing,unresolved,https://github.com/withqwerty/reep,2026-08-13
21607,Fabrizio Cacciatore,reep_pb2ac4d8a,Fabrizio Cacciatore,1986-10-08,44136,,,,local_missing,unresolved,https://github.com/withqwerty/reep,2026-08-13
434142,Fabrizio Caligara,reep_p0a985e7b,Fabrizio Caligara,2000-04-12,839223,56318,163,Fabrizio Caligara,unique_name_match,reviewed_exact_name,https://github.com/withqwerty/reep,2026-08-13
25849,Faouzi Ghoulam,reep_p70108d0e,Faouzi Ghoulam,1991-02-01,133236,316,,,local_missing,unresolved,https://github.com/withqwerty/reep,2026-08-13
246061,Federico Bernardeschi,reep_pc7c3ca5f,Federico Bernardeschi,1994-02-16,294597,873,,,local_missing,unresolved,https://github.com/withqwerty/reep,2026-08-13
239298,Federico Bonazzoli,reep_pc68416fe,Federico Bonazzoli,1997-05-21,284363,31436,,,local_missing,unresolved,https://github.com/withqwerty/reep,2026-08-13
456492,Federico Brancolini,reep_p68a866c8,Federico Brancolini,2001-07-14,848420,30391,,,local_missing,unresolved,https://github.com/withqwerty/reep,2026-08-13
21528,Federico Ceccherini,reep_p8792bdf6,Federico Ceccherini,1992-05-11,139410,30397,,,local_missing,unresolved,https://github.com/withqwerty/reep,2026-08-13
447804,Federico Chiesa,reep_pcc8e4c04,Federico Chiesa,1997-10-25,845386,30410,,,local_missing,unresolved,https://github.com/withqwerty/reep,2026-08-13
259292,Federico Di Francesco,reep_p087c27e1,Federico Di Francesco,1994-06-14,320979,30539,3354,Federico Di Francesco,unique_name_match,reviewed_exact_name,https://github.com/withqwerty/reep,2026-08-13
3463,Federico Julián Fazio,reep_p197c7638,Federico Fazio,1987-03-17,,768,,,local_missing,unresolved,https://github.com/withqwerty/reep,2026-08-13
20842,Federico Peluso,reep_p74a17b4b,Federico Peluso,1984-01-20,44104,,53,Federico Peluso,unique_name_match,reviewed_exact_name,https://github.com/withqwerty/reep,2026-08-13
471286,Federico Ravaglia,reep_p8cbb8484,Federico Ravaglia,1999-11-11,850952,31098,,,local_missing,unresolved,https://github.com/withqwerty/reep,2026-08-13
250956,Federico Ricci,reep_pa1cf2c82,Federico Ricci,1994-05-27,,30638,3334,Federico Ricci,unique_name_match,reviewed_exact_name,https://github.com/withqwerty/reep,2026-08-13
20448,Federico Viviani,reep_p80304ccf,Federico Viviani,1992-03-24,148199,,,,local_missing,unresolved,https://github.com/withqwerty/reep,2026-08-13
40806,Felipe  Anderson Pereira Gomes,reep_p63946f9e,Felipe Anderson,1993-04-15,152276,2412,,,local_missing,unresolved,https://github.com/withqwerty/reep,2026-08-13
20928,Felipe Dias da Silva dal Belo,reep_pebf343ca,Felipe dal Belo,1984-07-31,,,,,local_missing,unresolved,https://github.com/withqwerty/reep,2026-08-13
149848,Felipe Nicolás Avenatti Dovillabichus,reep_pf4bf1d12,Felipe Avenatti,1993-04-26,,,,,local_missing,unresolved,https://github.com/withqwerty/reep,2026-08-13
101635,Felipe Salvador Caicedo Corozo,reep_p7839cf06,Felipe Caicedo,1988-09-05,18841,1861,,,local_missing,unresolved,https://github.com/withqwerty/reep,2026-08-13
21091,Ferdinando Coppola,reep_p2c4e47bd,Ferdinando Coppola,1978-06-10,11622,,,,local_missing,unresolved,https://github.com/withqwerty/reep,2026-08-13
448299,Ferdinando Del Sole,reep_pa35b4c74,Ferdinando Del Sole,1998-01-17,847376,,,,local_missing,unresolved,https://github.com/withqwerty/reep,2026-08-13
174,Filip Đuričić,reep_p5c16299b,Filip Đuričić,1992-01-30,,30536,,,local_missing,unresolved,https://github.com/withqwerty/reep,2026-08-13
50805,Filip Helander,reep_p3593febe,Filip Helander,1993-04-22,168749,2854,,,local_missing,unresolved,https://github.com/withqwerty/reep,2026-08-13
134420,Filippo Costa,reep_p77082931,Filippo Costa,1995-05-21,186833,30854,347,Filippo Costa,unique_name_match,reviewed_exact_name,https://github.com/withqwerty/reep,2026-08-13
351009,Filippo Melegoni,reep_p33fdd18d,Filippo Melegoni,1999-02-18,795056,31493,,,local_missing,unresolved,https://github.com/withqwerty/reep,2026-08-13
283832,Filippo Romagna,reep_p06fa0e76,Filippo Romagna,1997-05-26,356032,30556,3366,Filippo Romagna,unique_name_match,reviewed_exact_name,https://github.com/withqwerty/reep,2026-08-13
20635,Francesco Acerbi,reep_p8742234e,Francesco Acerbi,1988-02-10,126816,1836,3310,Francesco Acerbi,unique_name_match,reviewed_exact_name,https://github.com/withqwerty/reep,2026-08-13
302798,Francesco Cassata,reep_p65d0277c,Francesco Cassata,1997-07-16,814624,31081,3343,Francesco Cassata,unique_name_match,reviewed_exact_name,https://github.com/withqwerty/reep,2026-08-13
22162,Francesco Magnanelli,reep_pc766dec8,Francesco Magnanelli,1984-11-12,44138,,289,Francesco Magnanelli,unique_name_match,reviewed_exact_name,https://github.com/withqwerty/reep,2026-08-13
22559,Francesco Migliore,reep_p279a598a,Francesco Migliore,1988-04-17,45817,,,,local_missing,unresolved,https://github.com/withqwerty/reep,2026-08-13
22053,Francesco Rossi,reep_pddf7d413,Francesco Rossi,1991-04-27,80074,30419,,,local_missing,unresolved,https://github.com/withqwerty/reep,2026-08-13
263432,Francesco Vicari,reep_pc31abfad,Francesco Vicari,1994-08-03,328103,30863,,,local_missing,unresolved,https://github.com/withqwerty/reep,2026-08-13
24024,Francesco Zampano,reep_p32720ec2,Francesco Zampano,1993-09-30,235656,31079,,,local_missing,unresolved,https://github.com/withqwerty/reep,2026-08-13
285109,Franck Yannick Kessié,reep_p70d989c2,Franck Kessié,1996-12-19,359226,1642,,,local_missing,unresolved,https://github.com/withqwerty/reep,2026-08-13
3736,Franco Zuculini,reep_p552b2b07,Franco Zuculini,1990-09-05,61526,,,,local_missing,unresolved,https://github.com/withqwerty/reep,2026-08-13
20490,Gabriel Alejandro Paletta,reep_pfcfd5984,Gabriel Paletta,1986-02-15,16813,,,,local_missing,unresolved,https://github.com/withqwerty/reep,2026-08-13
405607,Gabriele Gori,reep_p76a07637,Gabriele Gori,1999-02-13,826199,30971,,,local_missing,unresolved,https://github.com/withqwerty/reep,2026-08-13
343915,Gabriele Marchegiani,reep_p5869f910,Gabriele Marchegiani,1996-06-03,788789,56607,,,local_missing,unresolved,https://github.com/withqwerty/reep,2026-08-13
24838,Gaetano Letizia,reep_p6b016231,Gaetano Letizia,1990-06-29,132295,30620,,,local_missing,unresolved,https://github.com/withqwerty/reep,2026-08-13
20689,Gastón Exequiel Ramírez Pereyra,reep_p3f81396d,Gastón Ramírez,1990-12-02,135590,30455,,,local_missing,unresolved,https://github.com/withqwerty/reep,2026-08-13
137161,George Alexandru Puşcaş,reep_p2bc58619,George Pușcaș,1996-04-08,,31562,,,local_missing,unresolved,https://github.com/withqwerty/reep,2026-08-13
86328,Germán Alejandro Pezzella,reep_pbf290065,Germán Pezzella,1991-06-27,158241,2469,,,local_missing,unresolved,https://github.com/withqwerty/reep,2026-08-13
340019,Gerson Santos da Silva,reep_p43a629e1,Gerson Santos Putin,1997-05-20,611876,30408,,,local_missing,unresolved,https://github.com/withqwerty/reep,2026-08-13
20845,Giacomo Bonaventura,reep_p6534c554,Giacomo Bonaventura,1989-08-22,,1638,,,local_missing,unresolved,https://github.com/withqwerty/reep,2026-08-13
24725,Giacomo Poluzzi,reep_p5ee7d2a6,Giacomo Poluzzi,1988-02-25,,30851,,,local_missing,unresolved,https://github.com/withqwerty/reep,2026-08-13
20536,Giampaolo Pazzini,reep_p193d6248,Giampaolo Pazzini,1984-08-02,2033,,,,local_missing,unresolved,https://github.com/withqwerty/reep,2026-08-13
125286,Giancarlo González Castro,reep_p6b54fe4e,Giancarlo González,1988-02-08,,2833,,,local_missing,unresolved,https://github.com/withqwerty/reep,2026-08-13
286225,Gianfilippo Felicioli,reep_p7d1bb85b,Gian Filippo Felicioli,1997-09-30,363858,,,,local_missing,unresolved,https://github.com/withqwerty/reep,2026-08-13
21376,Gianluca Caprari,reep_p7985ecf3,Gianluca Caprari,1993-07-30,148458,30460,,,local_missing,unresolved,https://github.com/withqwerty/reep,2026-08-13
21578,Gianluca Di Chiara,reep_pca0a489d,Gianluca Di Chiara,1993-12-26,139094,,,,local_missing,unresolved,https://github.com/withqwerty/reep,2026-08-13
272280,Gianluca Gaudino,reep_p76223405,Gianluca Gaudino,1996-11-11,352594,953,,,local_missing,unresolved,https://github.com/withqwerty/reep,2026-08-13
115933,Gianluca Lapadula,reep_p060acca8,Gianluca Lapadula,1990-02-07,147368,30790,,,local_missing,unresolved,https://github.com/withqwerty/reep,2026-08-13
346913,Gianluca Mancini,reep_pc99c1ea8,Gianluca Mancini,1996-04-17,611210,30425,,,local_missing,unresolved,https://github.com/withqwerty/reep,2026-08-13
20771,Gianluca Pegolo,reep_p31fdf666,Gianluca Pegolo,1981-03-25,43985,,3302,Gianluca Pegolo,unique_name_match,reviewed_exact_name,https://github.com/withqwerty/reep,2026-08-13
347024,Gianluca Scamacca,reep_p10dfb42c,Gianluca Scamacca,1999-01-01,807301,30544,3346,Gianluca Scamacca,unique_name_match,reviewed_exact_name,https://github.com/withqwerty/reep,2026-08-13
20455,Gianluigi Buffon,reep_p9711d3ff,Gianluigi Buffon,1978-01-28,2069,,,,local_missing,unresolved,https://github.com/withqwerty/reep,2026-08-13
350999,Gianluigi Donnarumma,reep_p9e69561d,Gianluigi Donnarumma,1999-02-25,824509,1622,,,local_missing,unresolved,https://github.com/withqwerty/reep,2026-08-13
22270,Gianmarco Ferrari,reep_p128ce702,Gianmarco Ferrari,1992-05-15,170887,,,,local_missing,unresolved,https://github.com/withqwerty/reep,2026-08-13
338249,Gil Bastião Dias,reep_pa1d6da90,Gil Bastião Dias,1996-09-28,583838,1615,,,local_missing,unresolved,https://github.com/withqwerty/reep,2026-08-13
20461,Giorgio Chiellini,reep_p0395f319,Giorgio Chiellini,1984-08-14,,,,,local_missing,unresolved,https://github.com/withqwerty/reep,2026-08-13
368642,Giovanni Crociata,reep_p6df6093a,Giovanni Crociata,1997-08-11,826570,31237,,,local_missing,unresolved,https://github.com/withqwerty/reep,2026-08-13
269152,Giovanni Pablo Simeone,reep_pc5fd227d,Giovanni Simeone,1995-07-05,341143,30414,,,local_missing,unresolved,https://github.com/withqwerty/reep,2026-08-13
461671,Giovanni Volpicelli,reep_pf8c22c00,Giovanni Volpicelli,1999-09-24,850033,,,,local_missing,unresolved,https://github.com/withqwerty/reep,2026-08-13
388398,Giuseppe Pezzella,reep_p2204914a,Giuseppe Pezzella,1997-11-29,814589,30775,,,local_missing,unresolved,https://github.com/withqwerty/reep,2026-08-13
3548,Giuseppe Rossi,reep_p6b090e0e,Giuseppe Rossi,1987-02-01,777,,,,local_missing,unresolved,https://github.com/withqwerty/reep,2026-08-13
295273,Godfred Donsah,reep_p2699fb33,Godfred Donsah,1996-06-07,368418,30477,,,local_missing,unresolved,https://github.com/withqwerty/reep,2026-08-13
3323,Gonzalo Gerardo Higuaín,reep_pb0916e85,Gonzalo Higuaín,1987-12-10,19438,,,,local_missing,unresolved,https://github.com/withqwerty/reep,2026-08-13
21177,Goran Pandev,reep_pefa9f629,Goran Pandev,1983-07-27,,,,,local_missing,unresolved,https://github.com/withqwerty/reep,2026-08-13
241675,Guido Guerrieri,reep_p5f56679a,Guido Guerrieri,1996-02-25,,1833,,,local_missing,unresolved,https://github.com/withqwerty/reep,2026-08-13
70834,Guilherme Costa Marques,reep_pee848dd6,Guilherme Costa Marques,1991-05-21,,49908,,,local_missing,unresolved,https://github.com/withqwerty/reep,2026-08-13
113927,Gustavo Raúl Gómez Portillo,reep_pd6921cd2,Gustavo Gómez,1993-05-06,220833,2502,,,local_missing,unresolved,https://github.com/withqwerty/reep,2026-08-13
15524,Hakan Çalhanoğlu,reep_p578d2983,Hakan Çalhanoğlu,1994-02-08,135700,1640,,,local_missing,unresolved,https://github.com/withqwerty/reep,2026-08-13
280419,Hans Hateboer,reep_p78e31822,Hans Hateboer,1994-01-09,356352,30423,,,local_missing,unresolved,https://github.com/withqwerty/reep,2026-08-13
3795,Héctor Alfredo Moreno Herrera,reep_p4d5e5480,Héctor Moreno,1988-01-17,32946,2874,,,local_missing,unresolved,https://github.com/withqwerty/reep,2026-08-13
293198,Hermes Aristóteles Romero,,,,,,,,reep_missing,unresolved,https://github.com/withqwerty/reep,2026-08-13
69874,Hrvoje Milić,reep_p6deaa7cb,Hrvoje Milić,1989-05-10,49909,,,,local_missing,unresolved,https://github.com/withqwerty/reep,2026-08-13
8148,Iago Falqué Silva,reep_pe7af83a3,Iago Falque,1990-01-04,46707,30512,,,local_missing,unresolved,https://github.com/withqwerty/reep,2026-08-13
22377,Ibrahima M'baye,reep_pc7d114a7,Ibrahima Mbaye,1994-11-19,249627,,,,local_missing,unresolved,https://github.com/withqwerty/reep,2026-08-13
20390,Ignazio Abate,reep_pe1f0b13a,Ignazio Abate,1986-11-12,27916,,,,local_missing,unresolved,https://github.com/withqwerty/reep,2026-08-13
22158,Isaac Cofie,reep_p7dd227dd,Isaac Cofie,1991-09-20,45926,,391,Isaac Cofie,unique_name_match,reviewed_exact_name,https://github.com/withqwerty/reep,2026-08-13
14812,Ivan Perišić,reep_p6f31e1da,Ivan Perišić,1989-02-02,38710,207,,,local_missing,unresolved,https://github.com/withqwerty/reep,2026-08-13
21564,Ivan Radovanović,reep_p6d97c6a0,Ivan Radovanović,1988-08-29,19394,,,,local_missing,unresolved,https://github.com/withqwerty/reep,2026-08-13
105361,Ivan Strinić,reep_pac24c689,Ivan Strinić,1987-07-17,38153,,,,local_missing,unresolved,https://github.com/withqwerty/reep,2026-08-13
69417,Ivan Vargić,reep_p13d48db3,Ivan Vargić,1987-03-15,,,,,local_missing,unresolved,https://github.com/withqwerty/reep,2026-08-13
14904,Jacopo Sala,reep_p8d95bef6,Jacopo Sala,1991-12-05,100568,30448,,,local_missing,unresolved,https://github.com/withqwerty/reep,2026-08-13
192,Jagoš Vuković,reep_paaa20140,Jagoš Vuković,1988-06-10,,1601,,,local_missing,unresolved,https://github.com/withqwerty/reep,2026-08-13
354547,Jakub Jankto,reep_p8bfc3b8b,Jakub Jankto,1996-01-19,,30453,,,local_missing,unresolved,https://github.com/withqwerty/reep,2026-08-13
21620,Jasmin Kurtič,reep_pe5fc8dd1,Jasmin Kurtić,1989-01-10,61445,30865,3305,Jasmin Kurtič,unique_name_match,reviewed_exact_name,https://github.com/withqwerty/reep,2026-08-13
385655,Jean-Claude Billong,reep_p559902d1,Jean-Claude Billong,1993-12-28,,31635,,,local_missing,unresolved,https://github.com/withqwerty/reep,2026-08-13
56026,Jens Stryger Larsen,reep_pfdc1268d,Jens Stryger Larsen,1991-02-21,44848,2733,,,local_missing,unresolved,https://github.com/withqwerty/reep,2026-08-13
11063,Jesús Joaquín Fernández Sáez de la Torre,reep_p1856bbbb,Suso,1993-11-19,96370,1650,,,local_missing,unresolved,https://github.com/withqwerty/reep,2026-08-13
145787,Joachim Andersen,reep_pa37df5df,Joachim Andersen,1996-05-31,362682,2729,,,local_missing,unresolved,https://github.com/withqwerty/reep,2026-08-13
40767,João Felipe Schmidt Urbano,reep_p1b80e643,João Schmidt,1993-05-19,244591,32901,,,local_missing,unresolved,https://github.com/withqwerty/reep,2026-08-13
70965,João Mário Naval da Costa Eduardo ,reep_p98f2cb5d,João Mário,1993-01-19,97001,206,,,local_missing,unresolved,https://github.com/withqwerty/reep,2026-08-13
3431,João Miranda de Souza Filho,reep_pad7d0f4d,Miranda,1984-09-07,13017,,,,local_missing,unresolved,https://github.com/withqwerty/reep,2026-08-13
135903,João Pedro Cavaco Cancelo,reep_p8e2f2807,João Cancelo,1994-05-27,138892,855,,,local_missing,unresolved,https://github.com/withqwerty/reep,2026-08-13
116171,João Pedro Geraldino dos Santos Galvão,reep_p0e0038d6,João Pedro Galvao,1992-03-09,123208,30562,,,local_missing,unresolved,https://github.com/withqwerty/reep,2026-08-13
20525,Joel Chukwuma Obi,reep_p13ac57f6,Joel Obi,1991-05-22,79403,49938,,,local_missing,unresolved,https://github.com/withqwerty/reep,2026-08-13
137298,Jonathan Cristian Silva,reep_p8f7b21cf,Jonathan Silvá,1994-06-29,155711,47408,,,local_missing,unresolved,https://github.com/withqwerty/reep,2026-08-13
25541,Jordan Veretout,reep_pcf4a5cae,Jordan Veretout,1993-03-01,151124,30409,,,local_missing,unresolved,https://github.com/withqwerty/reep,2026-08-13
37745,Jordan Zacharie Lukaku Menama Mokelenge,reep_pb199d0e8,Jordan Lukaku,1994-07-25,,1843,,,local_missing,unresolved,https://github.com/withqwerty/reep,2026-08-13
21315,Jorge Luiz Frello Filho,reep_pc72ae09a,Jorginho,1991-12-20,132874,2289,,,local_missing,unresolved,https://github.com/withqwerty/reep,2026-08-13
86366,José Luis Palomino,reep_pfa988bb1,José Luis Palomino,1990-01-05,79680,30428,,,local_missing,unresolved,https://github.com/withqwerty/reep,2026-08-13
7949,José Manuel  Reina Páez,reep_p2e9a4ea3,Pepe Reina,1982-08-31,26937,1624,,,local_missing,unresolved,https://github.com/withqwerty/reep,2026-08-13
3313,José María Callejón Bueno,reep_p433e8fea,José Callejón,1987-02-11,40965,330,,,local_missing,unresolved,https://github.com/withqwerty/reep,2026-08-13
20460,José Martín Cáceres Silva,reep_pfe7be894,Martín Cáceres,1987-04-07,28186,,,,local_missing,unresolved,https://github.com/withqwerty/reep,2026-08-13
239294,José Mauri,,,,,,,,reep_missing,unresolved,https://github.com/withqwerty/reep,2026-08-13
22383,Joseph Alfred Duncan,reep_p7a63d9ce,Alfred Duncan,1993-03-10,,30532,3326,Alfred Duncan,unique_name_match,reviewed_exact_name,https://github.com/withqwerty/reep,2026-08-13
20820,Josip Iličić,reep_p4c5a9fc8,Josip Iličić,1988-01-29,41270,30434,,,local_missing,unresolved,https://github.com/withqwerty/reep,2026-08-13
20518,Juan Guilherme Nunes Jesus,reep_p8f4f0828,Juan Jesus,1991-06-10,108484,774,,,local_missing,unresolved,https://github.com/withqwerty/reep,2026-08-13
20751,Juan Guillermo Cuadrado Bello,reep_pd91bbef8,Juan Cuadrado,1988-05-26,47743,866,,,local_missing,unresolved,https://github.com/withqwerty/reep,2026-08-13
25726,Kalidou Koulibaly,reep_p31e82027,Kalidou Koulibaly,1991-06-20,126071,318,,,local_missing,unresolved,https://github.com/withqwerty/reep,2026-08-13
138174,Karol Linetty,reep_p25ed9334,Karol Linetty,1995-02-02,189135,3009,,,local_missing,unresolved,https://github.com/withqwerty/reep,2026-08-13
289827,Kevin Bonifazi,reep_p50e3c2a5,Kevin Bonifazi,1996-05-19,365992,30853,242,Kevin Bonifazi,unique_name_match,reviewed_exact_name,https://github.com/withqwerty/reep,2026-08-13
333913,Kevin Lasagna,reep_pb7db0e77,Kevin Lasagna,1992-08-10,587962,30815,,,local_missing,unresolved,https://github.com/withqwerty/reep,2026-08-13
114,Kevin Strootman,reep_p1b2dfa26,Kevin Strootman,1990-02-13,,1916,,,local_missing,unresolved,https://github.com/withqwerty/reep,2026-08-13
3710,Khouma El Hadji Babacar,reep_pc99d7057,Khouma Babacar,1993-03-17,88697,30540,3342,Khouma Babacar,unique_name_match,reviewed_exact_name,https://github.com/withqwerty/reep,2026-08-13
92966,Konstantinos Manolas,,,,,,,,reep_missing,unresolved,https://github.com/withqwerty/reep,2026-08-13
658,Kristiano Samuel Armenteros Nunez Mendoza Jansson,reep_p4a6cd44c,Samuel Armenteros,1990-05-27,93870,30632,,,local_missing,unresolved,https://github.com/withqwerty/reep,2026-08-13
20588,Kwadwo Asamoah,reep_pe7b0bc21,Kwadwo Asamoah,1988-12-09,,191,,,local_missing,unresolved,https://github.com/withqwerty/reep,2026-08-13
404209,Kwang-Song Han,,,,,,,,reep_missing,unresolved,https://github.com/withqwerty/reep,2026-08-13
82266,Ladislav Krejčí,reep_pe75d4f3b,Ladislav Krejčí,1992-07-05,100408,30480,,,local_missing,unresolved,https://github.com/withqwerty/reep,2026-08-13
40538,Leandro Castán da Silva,reep_pbc86ba68,Leandro Castán,1986-11-05,30646,10553,,,local_missing,unresolved,https://github.com/withqwerty/reep,2026-08-13
3885,Leandro Daniel Cabrera Sasía,reep_pa6ffc783,Leandro Cabrera,1991-06-17,81992,,,,local_missing,unresolved,https://github.com/withqwerty/reep,2026-08-13
22323,Ledian Memushaj,reep_pe688a26a,Ledian Memushaj,1986-12-07,,31494,,,local_missing,unresolved,https://github.com/withqwerty/reep,2026-08-13
20459,Leonardo Bonucci,reep_pabebcae0,Leonardo Bonucci,1987-05-01,15444,,,,local_missing,unresolved,https://github.com/withqwerty/reep,2026-08-13
134429,Leonardo Capezzi,reep_p5aa97e8a,Leonardo Capezzi,1995-03-28,800373,31053,,,local_missing,unresolved,https://github.com/withqwerty/reep,2026-08-13
392384,Leonardo Marson,,,,,,3347,Leonardo Marson,reep_missing,reviewed_exact_name,https://github.com/withqwerty/reep,2026-08-13
22933,Leonardo Pavoletti,reep_pf045820d,Leonardo Pavoletti,1988-11-26,132704,30573,399,Leonardo Pavoletti,unique_name_match,reviewed_exact_name,https://github.com/withqwerty/reep,2026-08-13
86785,Lisandro Ezequiel López,reep_p5791d943,Lisandro Ezequiel López,1989-09-01,174377,,,,local_missing,unresolved,https://github.com/withqwerty/reep,2026-08-13
350569,Lorenco Šimić,reep_p525e7e69,Lorenco Šimić,1996-07-15,791203,30862,,,local_missing,unresolved,https://github.com/withqwerty/reep,2026-08-13
536520,Lorenzo Bruzzi,,,,,,,,reep_missing,unresolved,https://github.com/withqwerty/reep,2026-08-13
20526,Lorenzo Crisetig,reep_pcb29cf27,Lorenzo Crisetig,1993-01-20,104922,30625,,,local_missing,unresolved,https://github.com/withqwerty/reep,2026-08-13
20927,Lorenzo De Silvestri,reep_p3800add0,Lorenzo De Silvestri,1988-05-23,14718,30498,,,local_missing,unresolved,https://github.com/withqwerty/reep,2026-08-13
21678,Lorenzo Del Pinto,reep_p2ff4c05c,Lorenzo Del Pinto,1990-06-17,,30626,,,local_missing,unresolved,https://github.com/withqwerty/reep,2026-08-13
21385,Lorenzo Insigne,reep_p6d711716,Lorenzo Insigne,1991-06-04,106258,331,,,local_missing,unresolved,https://github.com/withqwerty/reep,2026-08-13
328333,Lorenzo Pellegrini,reep_pedf0ce14,Lorenzo Pellegrini,1996-06-19,555540,782,3329,Lorenzo Pellegrini,unique_name_match,reviewed_exact_name,https://github.com/withqwerty/reep,2026-08-13
21006,Lorenzo Tonelli,reep_peaea9155,Lorenzo Tonelli,1990-01-17,24818,,,,local_missing,unresolved,https://github.com/withqwerty/reep,2026-08-13
284960,Lorenzo Venuti,reep_p25c86273,Lorenzo Venuti,1995-04-12,357756,31730,,,local_missing,unresolved,https://github.com/withqwerty/reep,2026-08-13
352722,Ľubomír Tupta,reep_pb6e5a021,Ľubomír Tupta,1998-03-27,815553,30943,,,local_missing,unresolved,https://github.com/withqwerty/reep,2026-08-13
21872,Luca Antei,reep_p1bb21f85,Luca Antei,1992-04-19,,30614,405,Luca Antei,unique_name_match,reviewed_exact_name,https://github.com/withqwerty/reep,2026-08-13
21272,Luca Antonelli,reep_p2c872c2e,Luca Antonelli,1987-02-11,19172,31039,,,local_missing,unresolved,https://github.com/withqwerty/reep,2026-08-13
21639,Luca Ceppitelli,,,,,,,,reep_missing,unresolved,https://github.com/withqwerty/reep,2026-08-13
20850,Luca Cigarini,reep_p6f0ca9ac,Luca Cigarini,1986-06-20,12656,30560,,,local_missing,unresolved,https://github.com/withqwerty/reep,2026-08-13
472938,Luca Crosta,reep_p3f0131ad,Luca Crosta,1998-02-23,851675,,,,local_missing,unresolved,https://github.com/withqwerty/reep,2026-08-13
238832,Luca Garritano,reep_p956a581e,Luca Garritano,1994-02-11,280087,31334,,,local_missing,unresolved,https://github.com/withqwerty/reep,2026-08-13
292310,Luca Mazzitelli,reep_p92f6a426,Luca Mazzitelli,1995-11-15,369866,30780,3335,Luca Mazzitelli,unique_name_match,reviewed_exact_name,https://github.com/withqwerty/reep,2026-08-13
22864,Luca Mora,reep_p29fe0453,Luca Mora,1988-05-10,,30837,,,local_missing,unresolved,https://github.com/withqwerty/reep,2026-08-13
397239,Luca Pellegrini,reep_pe2c3a1f0,Luca Pellegrini,1999-03-07,826186,30554,,,local_missing,unresolved,https://github.com/withqwerty/reep,2026-08-13
523086,Luca Ranieri,reep_pb62294fe,Luca Ranieri,1999-04-23,893998,31642,,,local_missing,unresolved,https://github.com/withqwerty/reep,2026-08-13
20655,Luca Rigoni,reep_p5c4383e5,Luca Rigoni,1984-12-07,11724,,,,local_missing,unresolved,https://github.com/withqwerty/reep,2026-08-13
23386,Luca Rizzo,reep_p6af73799,Luca Rizzo,1992-04-24,177295,,,,local_missing,unresolved,https://github.com/withqwerty/reep,2026-08-13
20776,Luca Rossettini,reep_p501e9415,Luca Rossettini,1985-05-09,29718,,,,local_missing,unresolved,https://github.com/withqwerty/reep,2026-08-13
360778,Luca Sparandeo,reep_p7899bd2b,Luca Sparandeo,1999-08-18,866179,31202,,,local_missing,unresolved,https://github.com/withqwerty/reep,2026-08-13
262384,Luca Vido,reep_p37b6deda,Luca Vido,1997-02-03,326165,31407,,,local_missing,unresolved,https://github.com/withqwerty/reep,2026-08-13
86301,Lucas  Nahuel Castro,reep_pe9790627,Lucas Castro,1989-04-09,122711,30567,,,local_missing,unresolved,https://github.com/withqwerty/reep,2026-08-13
7965,Lucas  Pezzini Leiva,reep_p13fc7cb2,Lucas Leiva,1987-01-09,27234,,,,local_missing,unresolved,https://github.com/withqwerty/reep,2026-08-13
334817,Lucas Ariel Boyé,reep_p85782bba,Lucas Boyé,1996-02-28,814385,608,,,local_missing,unresolved,https://github.com/withqwerty/reep,2026-08-13
37732,Lucas Rodrigo Biglia,reep_pcaf6453a,Lucas Biglia,1986-01-30,17799,1637,,,local_missing,unresolved,https://github.com/withqwerty/reep,2026-08-13
333571,Lucas Torreira Di Pascua,reep_p2628162f,Lucas Torreira,1996-02-11,754794,1462,,,local_missing,unresolved,https://github.com/withqwerty/reep,2026-08-13
22817,Luigi Sepe,reep_p1fff573f,Luigi Sepe,1991-05-08,,31008,,,local_missing,unresolved,https://github.com/withqwerty/reep,2026-08-13
3484,Luis Alberto Romero Alconchel,reep_pf6940574,Luis Alberto,1992-09-28,111416,1859,,,local_missing,unresolved,https://github.com/withqwerty/reep,2026-08-13
7926,Luís Carlos Almeida da Cunha,reep_p60ed2276,Nani,1986-11-17,17740,50940,,,local_missing,unresolved,https://github.com/withqwerty/reep,2026-08-13
376362,Luiz Felipe Ramos Marchi,reep_pe9315019,Luiz Felipe Ramos Marchi,1997-03-22,850035,1847,,,local_missing,unresolved,https://github.com/withqwerty/reep,2026-08-13
137041,Lukáš Zima,reep_p436218fb,Lukáš Zima,1994-01-09,135602,30948,,,local_missing,unresolved,https://github.com/withqwerty/reep,2026-08-13
99430,Łukasz Skorupski,reep_p9ac8aa3a,Łukasz Skorupski,1991-05-05,44906,2998,,,local_missing,unresolved,https://github.com/withqwerty/reep,2026-08-13
377757,Lyanco Evangelista Silveira Neves Vojnović ,reep_p46517854,Lyanco,1997-02-01,797893,30476,,,local_missing,unresolved,https://github.com/withqwerty/reep,2026-08-13
25898,M'Baye Babacar Niang,,,,,,,,reep_missing,unresolved,https://github.com/withqwerty/reep,2026-08-13
471300,Manuel De Luca,reep_pd4cfe78e,Manuel De Luca,1998-07-17,850971,31853,,,local_missing,unresolved,https://github.com/withqwerty/reep,2026-08-13
432680,Manuel Ferrini,reep_p5c429c48,Manuel Ferrini,1998-06-25,838922,,140,Manuel Ferrini,unique_name_match,reviewed_exact_name,https://github.com/withqwerty/reep,2026-08-13
226200,Manuel Lazzari,reep_pbf915f6e,Manuel Lazzari,1993-11-29,273405,30866,,,local_missing,unresolved,https://github.com/withqwerty/reep,2026-08-13
286226,Manuel Locatelli,reep_p23e1b91f,Manuel Locatelli,1998-01-08,363860,30533,3350,Manuel Locatelli,unique_name_match,reviewed_exact_name,https://github.com/withqwerty/reep,2026-08-13
24964,Manuel Pucciarelli,reep_p19c5b8c9,Manuel Pucciarelli,1991-06-17,153212,,,,local_missing,unresolved,https://github.com/withqwerty/reep,2026-08-13
22099,Marcel Büchel,reep_p1cccf4e8,Marcel Büchel,1991-03-18,95687,70351,,,local_missing,unresolved,https://github.com/withqwerty/reep,2026-08-13
22152,Marcello Gazzola,reep_pdbc70dc6,Marcello Gazzola,1985-04-03,27912,,389,Marcello Gazzola,unique_name_match,reviewed_exact_name,https://github.com/withqwerty/reep,2026-08-13
11156,Marcello Trotta,reep_p60d318bc,Marcello Trotta,1992-09-29,157641,31095,3387,Marcello Trotta,unique_name_match,reviewed_exact_name,https://github.com/withqwerty/reep,2026-08-13
69968,Marcelo Brozović,reep_p602de56d,Marcelo Brozović,1992-11-16,108800,201,,,local_missing,unresolved,https://github.com/withqwerty/reep,2026-08-13
20636,Marco Andreolli,reep_p49552764,Marco Andreolli,1986-06-10,2039,,311,Marco Andreolli,unique_name_match,reviewed_exact_name,https://github.com/withqwerty/reep,2026-08-13
22380,Marco Benassi,reep_pd1532f68,Marco Benassi,1994-09-08,,,,,local_missing,unresolved,https://github.com/withqwerty/reep,2026-08-13
20476,Marco Borriello,reep_p08870ecb,Marco Borriello,1982-06-18,2896,,,,local_missing,unresolved,https://github.com/withqwerty/reep,2026-08-13
21370,Marco Capuano,reep_p9932eded,Marco Capuano,1991-10-14,136947,31072,,,local_missing,unresolved,https://github.com/withqwerty/reep,2026-08-13
21322,Marco D'Alessandro,reep_p0b799ea0,Marco D'Alessandro,1991-02-17,55119,30806,,,local_missing,unresolved,https://github.com/withqwerty/reep,2026-08-13
20516,Marco Davide Faraoni,reep_p2ea689c1,Marco Davide Faraoni,1991-10-25,32040,,,,local_missing,unresolved,https://github.com/withqwerty/reep,2026-08-13
23427,Marco Ezio Fossati,reep_pd0f4f783,Marco Ezio Fossati,1992-10-05,587906,31457,,,local_missing,unresolved,https://github.com/withqwerty/reep,2026-08-13
21900,Marco Festa,reep_p330ac9b2,Marco Festa,1992-06-06,176765,30975,,,local_missing,unresolved,https://github.com/withqwerty/reep,2026-08-13
21350,Marco Parolo,reep_pa73ee9f6,Marco Parolo,1985-01-25,,,,,local_missing,unresolved,https://github.com/withqwerty/reep,2026-08-13
21865,Marco Sau,,,,,,,,reep_missing,unresolved,https://github.com/withqwerty/reep,2026-08-13
21573,Marco Silvestri,reep_p4c4f1617,Marco Silvestri,1991-03-02,43970,30915,,,local_missing,unresolved,https://github.com/withqwerty/reep,2026-08-13
23705,Marco Sportiello,reep_p75137a4d,Marco Sportiello,1992-05-10,176301,31069,,,local_missing,unresolved,https://github.com/withqwerty/reep,2026-08-13
20457,Marco Storari,reep_p69a7bca9,Marco Storari,1977-01-07,2770,,,,local_missing,unresolved,https://github.com/withqwerty/reep,2026-08-13
347026,Marco Tumminello,reep_p32b7c8d8,Marco Tumminello,1998-11-06,818469,,,,local_missing,unresolved,https://github.com/withqwerty/reep,2026-08-13
51151,Marcus Christer Rohdén,reep_p02f1e684,Marcus Rohdén,1991-05-11,209082,30996,,,local_missing,unresolved,https://github.com/withqwerty/reep,2026-08-13
21171,Marek Hamšík,reep_pd04f3ca4,Marek Hamšík,1987-07-27,25985,12994,,,local_missing,unresolved,https://github.com/withqwerty/reep,2026-08-13
21078,Mariano Julio Izco,reep_p4a27b404,Mariano Julio Izco,1983-03-13,17926,,,,local_missing,unresolved,https://github.com/withqwerty/reep,2026-08-13
14943,Mario Mandžukić,reep_p6e9e861c,Mario Mandžukić,1986-05-21,,,,,local_missing,unresolved,https://github.com/withqwerty/reep,2026-08-13
22107,Mário Rui Silva Duarte,reep_p6be16a7e,Mário Rui,1991-05-27,,322,,,local_missing,unresolved,https://github.com/withqwerty/reep,2026-08-13
21280,Mario Sampirisi,reep_p25782ff1,Mario Sampirisi,1992-10-31,153029,30984,,,local_missing,unresolved,https://github.com/withqwerty/reep,2026-08-13
93341,Marios Oikonomou,reep_pf7c2e13c,Marios Ikonomou,1992-10-06,,,,,local_missing,unresolved,https://github.com/withqwerty/reep,2026-08-13
99511,Mariusz Stępiński,reep_pb5a3eff6,Mariusz Stępiński,1995-05-12,189127,30761,,,local_missing,unresolved,https://github.com/withqwerty/reep,2026-08-13
284315,Marko Rog ,reep_p3de28766,Marko Rog,1995-07-19,573616,2055,,,local_missing,unresolved,https://github.com/withqwerty/reep,2026-08-13
625,Marten de Roon,reep_pc4255a95,Marten de Roon,1991-03-29,100389,30432,,,local_missing,unresolved,https://github.com/withqwerty/reep,2026-08-13
24269,Massimo Coda,reep_p8b23099b,Massimo Coda,1988-11-10,,30635,,,local_missing,unresolved,https://github.com/withqwerty/reep,2026-08-13
20495,Massimo Gobbi,reep_pfd22d90e,Massimo Gobbi,1980-10-31,1944,,,,local_missing,unresolved,https://github.com/withqwerty/reep,2026-08-13
3526,Mateo Pablo Musacchio,reep_pd5684551,Mateo Musacchio,1990-08-26,34125,1630,,,local_missing,unresolved,https://github.com/withqwerty/reep,2026-08-13
20811,Matías Agustín Silvestre,reep_p1ba77420,Matías Silvestre,1984-09-25,31968,31049,,,local_missing,unresolved,https://github.com/withqwerty/reep,2026-08-13
116349,Matías Vecino Falero,reep_p545d4efa,Matías Vecino,1991-08-24,158615,211,,,local_missing,unresolved,https://github.com/withqwerty/reep,2026-08-13
208696,Matteo Politano,reep_p59080bf2,Matteo Politano,1993-08-03,235672,219,3328,Matteo Politano,unique_name_match,reviewed_exact_name,https://github.com/withqwerty/reep,2026-08-13
215869,Mattia Bani,reep_p4905dbfa,Mattia Bani,1993-12-10,250547,30736,,,local_missing,unresolved,https://github.com/withqwerty/reep,2026-08-13
288663,Mattia Caldara,reep_pe41ad647,Mattia Caldara,1994-05-05,,1628,,,local_missing,unresolved,https://github.com/withqwerty/reep,2026-08-13
20395,Mattia De Sciglio,reep_p5f9a8b6f,Mattia De Sciglio,1992-10-20,,858,,,local_missing,unresolved,https://github.com/withqwerty/reep,2026-08-13
20796,Mattia Destro,reep_pa7dc0894,Mattia Destro,1991-03-20,,30486,,,local_missing,unresolved,https://github.com/withqwerty/reep,2026-08-13
21468,Mattia Perin,reep_pddcea91c,Mattia Perin,1992-11-10,79645,849,,,local_missing,unresolved,https://github.com/withqwerty/reep,2026-08-13
20414,Mattia Valoti,reep_p585e7c54,Mattia Valoti,1993-09-06,139397,30875,,,local_missing,unresolved,https://github.com/withqwerty/reep,2026-08-13
339192,Mattia Vitale,reep_p8a1d6f6e,Mattia Vitale,1997-10-01,604884,31242,,,local_missing,unresolved,https://github.com/withqwerty/reep,2026-08-13
41368,Maurício dos Santos Nascimento,reep_pd8d6cf35,Maurício dos Santos Nascimento,1988-09-20,,,,,local_missing,unresolved,https://github.com/withqwerty/reep,2026-08-13
292991,Mauricio Lemos Merladet,reep_pe130edde,Mauricio Lemos,1995-12-28,385916,,3344,Mauricio Lemos,unique_name_match,reviewed_exact_name,https://github.com/withqwerty/reep,2026-08-13
206314,Mauro Emanuel Icardi Rivero ,reep_pe9cd8f1d,Mauro Icardi,1993-02-19,233114,216,,,local_missing,unresolved,https://github.com/withqwerty/reep,2026-08-13
25405,Maxime Gonalons,reep_p68a95b34,Maxime Gonalons,1989-03-10,,2051,,,local_missing,unresolved,https://github.com/withqwerty/reep,2026-08-13
20422,Maximiliano Gastón López,reep_p3c039caa,Maxi López,1984-04-03,17611,,,,local_missing,unresolved,https://github.com/withqwerty/reep,2026-08-13
116225,Maximiliano Martín Olivera De Andrea,reep_p5accbd3a,Maximiliano Olivera,1992-03-05,,70757,,,local_missing,unresolved,https://github.com/withqwerty/reep,2026-08-13
20579,Medhi Amine El Mouttaqi Benatia,reep_p2fc1a079,Medhi Benatia,1987-04-17,27068,2708,,,local_missing,unresolved,https://github.com/withqwerty/reep,2026-08-13
449978,Mehdi Pascal Marcel Léris,reep_p91ff57df,Mehdi Léris,1998-05-23,851222,30753,,,local_missing,unresolved,https://github.com/withqwerty/reep,2026-08-13
490626,Michele Cerofolini,reep_pa5df8c91,Michele Cerofolini,1999-01-04,869273,57053,,,local_missing,unresolved,https://github.com/withqwerty/reep,2026-08-13
21725,Michele Cremonesi,reep_pd7e33db4,Michele Cremonesi,1988-04-15,76038,,,,local_missing,unresolved,https://github.com/withqwerty/reep,2026-08-13
21288,Miguel Luís Pinto Veloso,reep_pd191074a,Miguel Veloso,1986-05-11,,,,,local_missing,unresolved,https://github.com/withqwerty/reep,2026-08-13
69400,Milan Badelj,reep_pb4b2de35,Milan Badelj,1989-02-25,39482,1850,,,local_missing,unresolved,https://github.com/withqwerty/reep,2026-08-13
138408,Milan Škriniar,reep_pbeb233fb,Milan Škriniar,1995-02-11,187205,198,,,local_missing,unresolved,https://github.com/withqwerty/reep,2026-08-13
20443,Miralem Pjanić,reep_p31277b4d,Miralem Pjanić,1990-04-02,27678,872,,,local_missing,unresolved,https://github.com/withqwerty/reep,2026-08-13
21114,Mirco Antenucci,reep_p96646f98,Mirco Antenucci,1984-09-08,,30876,,,local_missing,unresolved,https://github.com/withqwerty/reep,2026-08-13
405602,Mirko Antonucci,reep_pcbf41796,Mirko Antonucci,1999-03-11,826196,31497,,,local_missing,unresolved,https://github.com/withqwerty/reep,2026-08-13
21019,Mirko Valdifiori,reep_p6c6e6c36,Mirko Valdifiori,1986-04-21,43941,,,,local_missing,unresolved,https://github.com/withqwerty/reep,2026-08-13
328336,Mohamed Salim Fares,reep_p1125888e,Mohamed Farès,1996-02-15,556960,30859,,,local_missing,unresolved,https://github.com/withqwerty/reep,2026-08-13
410031,Moise Bioty Kean,reep_p817b9173,Moise Kean,2000-02-28,835601,877,,,local_missing,unresolved,https://github.com/withqwerty/reep,2026-08-13
419204,Moussa Diaby,reep_p9020d2c4,Moussa Diaby,1999-07-07,855817,277,,,local_missing,unresolved,https://github.com/withqwerty/reep,2026-08-13
491409,Musa Barrow,reep_p7460645e,Musa Barrow,1998-11-14,916680,30437,,,local_missing,unresolved,https://github.com/withqwerty/reep,2026-08-13
20748,Nenad Tomović,reep_p7921e154,Nenad Tomović,1987-08-30,38574,30745,,,local_missing,unresolved,https://github.com/withqwerty/reep,2026-08-13
21959,Niccolò Giannetti,reep_p4146cf91,Niccolò Giannetti,1991-05-12,806019,,,,local_missing,unresolved,https://github.com/withqwerty/reep,2026-08-13
402014,Niccolò Zanellato,reep_p0309a05a,Niccolò Zanellato,1998-06-24,845023,30997,,,local_missing,unresolved,https://github.com/withqwerty/reep,2026-08-13
415348,Nicholas Pierini,reep_pbc144393,Nicholas Pierini,1998-08-06,829581,30849,3345,Nicholas Pierini,unique_name_match,reviewed_exact_name,https://github.com/withqwerty/reep,2026-08-13
20869,Nicola Murru,reep_p153ba3e4,Nicola Murru,1994-12-16,148745,30447,,,local_missing,unresolved,https://github.com/withqwerty/reep,2026-08-13
21148,Nicola Rigoni,reep_p5958a9d1,Nicola Rigoni,1990-11-12,,,,,local_missing,unresolved,https://github.com/withqwerty/reep,2026-08-13
20429,Nicolás Andrés Burdisso,,,,,,,,reep_missing,unresolved,https://github.com/withqwerty/reep,2026-08-13
21298,Nicolas David Andrade ,reep_p75f5d130,Nícolas Andrade David,1988-04-12,,30792,,,local_missing,unresolved,https://github.com/withqwerty/reep,2026-08-13
21072,Nicolás Federico Spolli,reep_p8f58b8e5,Nicolás Federico Spolli,1983-02-20,,,,,local_missing,unresolved,https://github.com/withqwerty/reep,2026-08-13
342075,Nicolas Haas,reep_p60651179,Nicolas Haas,1996-01-23,587126,31555,,,local_missing,unresolved,https://github.com/withqwerty/reep,2026-08-13
25558,Nicolas N'Koulou,,,,,,,,reep_missing,unresolved,https://github.com/withqwerty/reep,2026-08-13
286223,Nicolò Barella,reep_p552491d0,Nicolò Barella,1997-02-07,,30558,,,local_missing,unresolved,https://github.com/withqwerty/reep,2026-08-13
105376,Nikola Kalinić,reep_p807910c8,Nikola Kalinić,1988-01-05,,57,,,local_missing,unresolved,https://github.com/withqwerty/reep,2026-08-13
127524,Nikola Maksimović,reep_p77daf158,Nikola Maksimović,1991-11-25,68076,320,,,local_missing,unresolved,https://github.com/withqwerty/reep,2026-08-13
424241,Nikola Milenković,reep_p53d19816,Nikola Milenković,1997-10-12,836168,2817,,,local_missing,unresolved,https://github.com/withqwerty/reep,2026-08-13
405880,Ognjen Stijepović,reep_p1d5ae40f,Ognjen Stijepović,1999-10-22,843263,30457,,,local_missing,unresolved,https://github.com/withqwerty/reep,2026-08-13
16922,Oliver Kragl,reep_p1a5045af,Oliver Kragl,1990-05-12,86364,31652,,,local_missing,unresolved,https://github.com/withqwerty/reep,2026-08-13
403272,Orji Okwonkwo,reep_p1955452b,Orji Okwonkwo,1998-01-19,822482,,,,local_missing,unresolved,https://github.com/withqwerty/reep,2026-08-13
50807,Pa Momodou Konate,reep_p21828065,Pa Konate,1994-04-25,307462,48163,,,local_missing,unresolved,https://github.com/withqwerty/reep,2026-08-13
21162,Paolo Cannavaro,reep_pd9c269cb,Paolo Cannavaro,1981-06-26,2979,,3307,Paolo Cannavaro,unique_name_match,reviewed_exact_name,https://github.com/withqwerty/reep,2026-08-13
220359,Paolo Pancrazio Faragò,reep_pa6ed20f8,Paolo Faragò,1993-02-12,,,,,local_missing,unresolved,https://github.com/withqwerty/reep,2026-08-13
20911,Pasquale Schiattarella,reep_p0d9cec3a,Pasquale Schiattarella,1987-05-30,21264,30871,,,local_missing,unresolved,https://github.com/withqwerty/reep,2026-08-13
4792,Patricio Gabarrón Gil,reep_p757a7743,Patricio Gabarrón,1993-04-17,217784,1841,,,local_missing,unresolved,https://github.com/withqwerty/reep,2026-08-13
351010,Patrick Cutrone,reep_p3f180dd0,Patrick Cutrone,1998-01-03,795044,1649,,,local_missing,unresolved,https://github.com/withqwerty/reep,2026-08-13
234359,Patrik Schick,reep_pf90adee0,Patrik Schick,1996-01-24,280609,794,,,local_missing,unresolved,https://github.com/withqwerty/reep,2026-08-13
89186,Paulo Bruno Exequiel Dybala,reep_pdb291700,Paulo Dybala,1993-11-15,256219,875,,,local_missing,unresolved,https://github.com/withqwerty/reep,2026-08-13
240039,Paweł Bochniewicz,reep_p00ff1463,Paweł Bochniewicz,1996-01-30,286097,40224,,,local_missing,unresolved,https://github.com/withqwerty/reep,2026-08-13
269188,Paweł Jaroszyński,reep_p5e065212,Paweł Jaroszyński,1994-10-02,335823,30740,,,local_missing,unresolved,https://github.com/withqwerty/reep,2026-08-13
20653,Perparim Hetemaj,reep_pcc80c6aa,Përparim Hetemaj,1986-12-12,7472,30750,,,local_missing,unresolved,https://github.com/withqwerty/reep,2026-08-13
69658,Petar Brlek,reep_p00f255af,Petar Brlek,1994-01-29,,48404,,,local_missing,unresolved,https://github.com/withqwerty/reep,2026-08-13
372079,Petko Hristov,reep_p2fc7b097,Petko Hristov,1999-03-01,832076,31258,,,local_missing,unresolved,https://github.com/withqwerty/reep,2026-08-13
264084,Pierluigi Gollini,reep_paaa9c1ec,Pierluigi Gollini,1995-03-18,329175,30418,,,local_missing,unresolved,https://github.com/withqwerty/reep,2026-08-13
22135,Pietro Iemmello,reep_pab0911f8,Pietro Iemmello,1992-03-06,137665,31660,3336,Pietro Iemmello,unique_name_match,reviewed_exact_name,https://github.com/withqwerty/reep,2026-08-13
481329,Pietro Pellegri,reep_p14d398f4,Pietro Pellegri,2001-03-17,839226,123,,,local_missing,unresolved,https://github.com/withqwerty/reep,2026-08-13
99902,Piotr Zieliński,reep_p539c0e71,Piotr Zieliński,1994-05-20,138605,329,,,local_missing,unresolved,https://github.com/withqwerty/reep,2026-08-13
354123,Pol Mikel Lirola Kosok,reep_pb940ec57,Pol Lirola,1997-08-13,844480,30525,210,Pol Lirola,unique_name_match,reviewed_exact_name,https://github.com/withqwerty/reep,2026-08-13
20879,Radja Nainggolan,reep_pac212e26,Radja Nainggolan,1988-05-04,,205,,,local_missing,unresolved,https://github.com/withqwerty/reep,2026-08-13
21299,Rafael  de Andrade Bittencourt Pinheiro,reep_pb1a27c21,Rafael de Andrade Bittencourt Pinheiro,1982-03-03,,,,,local_missing,unresolved,https://github.com/withqwerty/reep,2026-08-13
3344,Rafael Alcântara do Nascimento,reep_p81bb5932,Rafinha,1993-02-12,,500,,,local_missing,unresolved,https://github.com/withqwerty/reep,2026-08-13
40774,Rafael Cabral Barbosa,reep_p9928d9bd,Rafael Cabral,1990-05-20,124980,30443,,,local_missing,unresolved,https://github.com/withqwerty/reep,2026-08-13
41034,Rafael Tolói,reep_p0bc321d7,Rafael Tolói,1990-10-10,82943,30429,,,local_missing,unresolved,https://github.com/withqwerty/reep,2026-08-13
20506,Raffaele Palladino,reep_p4c4eae1e,Raffaele Palladino,1984-04-17,11591,31469,,,local_missing,unresolved,https://github.com/withqwerty/reep,2026-08-13
361214,Rafik Zekhnini,reep_pccd11bd2,Rafik Zekhnini,1998-01-12,793525,36852,,,local_missing,unresolved,https://github.com/withqwerty/reep,2026-08-13
3300,Raúl Albiol Tortajada,reep_p49a8bd82,Raúl Albiol,1985-09-04,3041,314,,,local_missing,unresolved,https://github.com/withqwerty/reep,2026-08-13
49991,Remo Freuler,reep_p523eb678,Remo Freuler,1992-04-15,115516,2807,,,local_missing,unresolved,https://github.com/withqwerty/reep,2026-08-13
14922,Ricardo Iván Rodríguez Araya,reep_pbcc14303,Ricardo Rodriguez,1992-08-25,67769,1631,,,local_missing,unresolved,https://github.com/withqwerty/reep,2026-08-13
507570,Riccardo Daga,reep_p8edc6607,Riccardo Daga,2000-01-13,882627,,,,local_missing,unresolved,https://github.com/withqwerty/reep,2026-08-13
21119,Riccardo Meggiorini,reep_pbb03de11,Riccardo Meggiorini,1985-09-04,43932,30758,,,local_missing,unresolved,https://github.com/withqwerty/reep,2026-08-13
20943,Riccardo Montolivo,reep_p9f15e490,Riccardo Montolivo,1985-01-18,1830,,,,local_missing,unresolved,https://github.com/withqwerty/reep,2026-08-13
373768,Riccardo Orsolini,reep_pfb41b12f,Riccardo Orsolini,1997-01-24,793645,30488,,,local_missing,unresolved,https://github.com/withqwerty/reep,2026-08-13
21025,Riccardo Saponara,reep_p42b9ee3b,Riccardo Saponara,1991-12-21,,30456,,,local_missing,unresolved,https://github.com/withqwerty/reep,2026-08-13
289122,Rick Karsdorp,reep_p3be44aca,Rick Karsdorp,1995-02-11,363792,770,,,local_missing,unresolved,https://github.com/withqwerty/reep,2026-08-13
268180,Rijad Bajić,reep_pb0780849,Riad Bajić,1994-05-06,331751,,,,local_missing,unresolved,https://github.com/withqwerty/reep,2026-08-13
241676,Roberto Gagliardini,reep_p0ce2de21,Roberto Gagliardini,1994-04-07,287057,203,,,local_missing,unresolved,https://github.com/withqwerty/reep,2026-08-13
21438,Roberto Inglese,reep_p6ba95f0f,Roberto Inglese,1991-11-12,,31031,,,local_missing,unresolved,https://github.com/withqwerty/reep,2026-08-13
295176,Robin Gosens,reep_pa5384684,Robin Gosens,1994-07-05,377118,30422,,,local_missing,unresolved,https://github.com/withqwerty/reep,2026-08-13
361807,Rodrigo Bentancur Colmán,reep_pd7fcf228,Rodrigo Bentancur,1997-06-25,791190,863,,,local_missing,unresolved,https://github.com/withqwerty/reep,2026-08-13
213948,Rodrigo Javier de Paul,reep_p0f820fed,Rodrigo De Paul,1994-05-24,249399,2472,,,local_missing,unresolved,https://github.com/withqwerty/reep,2026-08-13
21296,Rodrigo Sebastián Palacio,reep_pc90fa536,Rodrigo Palacio,1982-02-05,15529,,,,local_missing,unresolved,https://github.com/withqwerty/reep,2026-08-13
403449,Rogério Oliveira da Silva,reep_p632194c3,Rogério,1998-01-13,830551,30527,231,Rogério,unique_name_match,reviewed_exact_name,https://github.com/withqwerty/reep,2026-08-13
337225,Rolando Aarons,reep_p37afb6f0,Rolando Aarons,1995-11-16,,19386,,,local_missing,unresolved,https://github.com/withqwerty/reep,2026-08-13
302799,Rolando Mandragora,reep_p099fc1a1,Rolando Mandragora,1997-06-29,548178,30810,,,local_missing,unresolved,https://github.com/withqwerty/reep,2026-08-13
20935,Rômulo  Souza Orestes Caldeira,reep_p464b7480,Rômulo,1987-05-22,,9281,,,local_missing,unresolved,https://github.com/withqwerty/reep,2026-08-13
20949,Ryder Matos Santos,reep_p25bae534,Ryder Matos,1993-02-27,171677,,,,local_missing,unresolved,https://github.com/withqwerty/reep,2026-08-13
350992,Sadiq Umar,reep_pc6d6bc13,Sadiq Umar,1997-02-02,754710,31406,,,local_missing,unresolved,https://github.com/withqwerty/reep,2026-08-13
116394,Salvador Ichazo Fernández,reep_pe86de39b,Salvador Ichazo,1992-01-26,,30493,,,local_missing,unresolved,https://github.com/withqwerty/reep,2026-08-13
25421,Salvatore Sirigu,reep_pc781c54d,Salvatore Sirigu,1987-01-12,,30495,,,local_missing,unresolved,https://github.com/withqwerty/reep,2026-08-13
3318,Sami Khedira,reep_p8ba7805a,Sami Khedira,1987-04-04,4726,,,,local_missing,unresolved,https://github.com/withqwerty/reep,2026-08-13
248950,Samir Caetano de Souza Santos,reep_pa4da8865,Samir,1994-12-05,331405,30795,,,local_missing,unresolved,https://github.com/withqwerty/reep,2026-08-13
20571,Samir Handanovič,reep_pe7755633,Samir Handanović,1984-07-14,2949,188,,,local_missing,unresolved,https://github.com/withqwerty/reep,2026-08-13
278813,Samuel Bastien,reep_p55982b70,Samuel Bastien,1996-09-26,352964,2109,,,local_missing,unresolved,https://github.com/withqwerty/reep,2026-08-13
252473,Samuel Gustafson,reep_p95da81cf,Samuel Gustafson,1995-01-11,319309,30931,,,local_missing,unresolved,https://github.com/withqwerty/reep,2026-08-13
26373,Samuel Souprayen,reep_pd29f45e3,Samuel Souprayen,1989-02-18,,20855,,,local_missing,unresolved,https://github.com/withqwerty/reep,2026-08-13
8291,Sandro  Ranieri Guimarães Cordeiro,reep_p6143e3c3,Sandro Raniere,1989-03-15,,30813,,,local_missing,unresolved,https://github.com/withqwerty/reep,2026-08-13
26336,Santiago Juan Gentiletti Selak,reep_pd1784180,Santiago Gentiletti,1985-01-09,128204,,,,local_missing,unresolved,https://github.com/withqwerty/reep,2026-08-13
20690,Saphir Sliti Taïder,reep_p12c7b59d,Saphir Taïder,1992-02-29,113370,,3322,Saphir Taïder,unique_name_match,reviewed_exact_name,https://github.com/withqwerty/reep,2026-08-13
170738,Sauli Väisänen,reep_pdcdb2c28,Sauli Väisänen,1994-06-05,579042,30987,,,local_missing,unresolved,https://github.com/withqwerty/reep,2026-08-13
116170,Sebastián Carlos Cristóforo Pepe,reep_pe402e332,Sebastián Cristóforo,1993-08-23,221738,47260,,,local_missing,unresolved,https://github.com/withqwerty/reep,2026-08-13
20707,Sebastien De Maio,,,,,,,,reep_missing,unresolved,https://github.com/withqwerty/reep,2026-08-13
134508,Seko Fofana,reep_pab6466ca,Seko Fofana,1995-05-07,191188,30807,,,local_missing,unresolved,https://github.com/withqwerty/reep,2026-08-13
20561,Senad Lulić,reep_p1311d6e9,Senad Lulić,1986-01-18,23213,,,,local_missing,unresolved,https://github.com/withqwerty/reep,2026-08-13
402898,Senna Miangue,reep_p11760f2b,Senna Miangué,1997-02-05,,2104,,,local_missing,unresolved,https://github.com/withqwerty/reep,2026-08-13
265865,Sergej Milinković-Savić,reep_p44662aaf,Sergej Milinković-Savić,1995-02-27,331447,1856,,,local_missing,unresolved,https://github.com/withqwerty/reep,2026-08-13
20503,Sergio Floccari,reep_pc7433c2d,Sergio Floccari,1981-11-12,,,3309,Sergio Floccari,unique_name_match,reviewed_exact_name,https://github.com/withqwerty/reep,2026-08-13
20662,Sergio Pellissier,reep_pfbeae87d,Sergio Pellissier,1979-04-12,1990,,,,local_missing,unresolved,https://github.com/withqwerty/reep,2026-08-13
403546,Seung-Woo Lee,reep_p6fbcad88,Lee Seung-woo,1998-01-06,822536,2914,,,local_missing,unresolved,https://github.com/withqwerty/reep,2026-08-13
50069,Silvan Widmer,reep_p2f618095,Silvan Widmer,1993-03-05,157377,48378,,,local_missing,unresolved,https://github.com/withqwerty/reep,2026-08-13
72397,Simeon Tochukwu Nwankwo,reep_ped05a7b1,Simy,1992-05-07,170499,31003,,,local_missing,unresolved,https://github.com/withqwerty/reep,2026-08-13
21228,Simon Laner,reep_p8f9bbea3,Simon Laner,1984-01-28,44109,,,,local_missing,unresolved,https://github.com/withqwerty/reep,2026-08-13
20403,Simone Calvano,reep_p67e3e30c,Simone Calvano,1993-07-11,98073,31427,,,local_missing,unresolved,https://github.com/withqwerty/reep,2026-08-13
354552,Simone Edera,reep_pe4fe7863,Simone Edera,1997-01-09,769783,30479,,,local_missing,unresolved,https://github.com/withqwerty/reep,2026-08-13
22163,Simone Missiroli,reep_p4e6179af,Simone Missiroli,1986-05-23,5465,30867,73,Simone Missiroli,unique_name_match,reviewed_exact_name,https://github.com/withqwerty/reep,2026-08-13
20472,Simone Padoin,reep_p880f98b4,Simone Padoin,1984-03-18,27811,,,,local_missing,unresolved,https://github.com/withqwerty/reep,2026-08-13
364640,Simone Palombi,reep_pda2f929c,Simone Palombi,1996-04-23,788028,31744,,,local_missing,unresolved,https://github.com/withqwerty/reep,2026-08-13
364641,Simone Pontisso,reep_p2d64fdc6,Simone Pontisso,1997-03-20,787830,31585,,,local_missing,unresolved,https://github.com/withqwerty/reep,2026-08-13
21373,Simone Romagnoli,reep_pd075fcc8,Simone Romagnoli,1990-02-09,111487,31136,,,local_missing,unresolved,https://github.com/withqwerty/reep,2026-08-13
239288,Simone Scuffet,reep_p37f5db9f,Simone Scuffet,1996-05-31,284349,50054,,,local_missing,unresolved,https://github.com/withqwerty/reep,2026-08-13
21123,Simone Verdi,reep_p2d0779c8,Simone Verdi,1992-07-12,,334,241,Simone Verdi,unique_name_match,reviewed_exact_name,https://github.com/withqwerty/reep,2026-08-13
564512,Siriki Sanogo,reep_p0d6891eb,Siriki Sanogo,2001-12-21,930851,30639,,,local_missing,unresolved,https://github.com/withqwerty/reep,2026-08-13
20550,Ştefan Daniel Radu,reep_pa313e8ea,Ștefan Radu,1986-10-22,13592,,,,local_missing,unresolved,https://github.com/withqwerty/reep,2026-08-13
130,Stefan de Vrij,reep_p5257411c,Stefan de Vrij,1992-02-05,91046,194,,,local_missing,unresolved,https://github.com/withqwerty/reep,2026-08-13
137048,Stefan Simič,reep_pa3f377a7,Stefan Simič,1995-01-20,,31077,,,local_missing,unresolved,https://github.com/withqwerty/reep,2026-08-13
246063,Stefano Sensi,reep_p7bc56ac6,Stefano Sensi,1995-08-05,294313,30535,3337,Stefano Sensi,unique_name_match,reviewed_exact_name,https://github.com/withqwerty/reep,2026-08-13
20633,Stefano Sorrentino,reep_p4908b8dc,Stefano Sorrentino,1979-03-28,13099,,,,local_missing,unresolved,https://github.com/withqwerty/reep,2026-08-13
21290,Stefano Sturaro,reep_pd0fd628d,Stefano Sturaro,1993-03-09,,30786,,,local_missing,unresolved,https://github.com/withqwerty/reep,2026-08-13
20418,Stephan El Shaarawy,reep_p7a55f87f,Stephan El Shaarawy,1992-10-27,45925,791,,,local_missing,unresolved,https://github.com/withqwerty/reep,2026-08-13
20465,Stephan Lichtsteiner,reep_pd3bd7cfa,Stephan Lichtsteiner,1984-01-16,4392,,,,local_missing,unresolved,https://github.com/withqwerty/reep,2026-08-13
349102,Stephane Omeonga,reep_p86fd4a69,Stéphane Oméonga,1996-03-27,793985,44849,,,local_missing,unresolved,https://github.com/withqwerty/reep,2026-08-13
234533,Stipe Perica,reep_p592ed115,Stipe Perica,1995-07-07,284845,50075,,,local_missing,unresolved,https://github.com/withqwerty/reep,2026-08-13
347593,Svante Ingelsson,reep_pd617f3f5,Svante Ingelsson,1998-06-14,801483,30809,,,local_missing,unresolved,https://github.com/withqwerty/reep,2026-08-13
99661,Thiago Rangel Cionek,reep_p2662f149,Thiago Cionek,1986-04-21,44932,3005,,,local_missing,unresolved,https://github.com/withqwerty/reep,2026-08-13
25878,Thomas Heurtaux,reep_p4f03e4a5,Thomas Heurtaux,1988-07-03,74769,,,,local_missing,unresolved,https://github.com/withqwerty/reep,2026-08-13
166534,Thomas Strakosha,reep_p58092b97,Thomas Strakosha,1995-03-19,,1835,,,local_missing,unresolved,https://github.com/withqwerty/reep,2026-08-13
221047,Timo Letschert,reep_pa3903906,Timo Letschert,1993-05-25,317691,37172,3339,Timo Letschert,unique_name_match,reviewed_exact_name,https://github.com/withqwerty/reep,2026-08-13
263803,Timothy Castagne,reep_p7eb9b15b,Timothy Castagne,1995-12-05,329417,,,,local_missing,unresolved,https://github.com/withqwerty/reep,2026-08-13
14903,Tomás Eduardo Rincón Hernández,reep_p99110801,Tomás Rincón,1988-01-13,46798,2452,,,local_missing,unresolved,https://github.com/withqwerty/reep,2026-08-13
70161,Tommaso Berni,reep_pb62af60f,Tommaso Berni,1983-03-06,18186,,,,local_missing,unresolved,https://github.com/withqwerty/reep,2026-08-13
149076,Valentin Eysseric,reep_p39ad170b,Valentin Eysseric,1992-03-25,139798,21096,,,local_missing,unresolved,https://github.com/withqwerty/reep,2026-08-13
20446,Valerio Verre,reep_p0b544c4b,Valerio Verre,1994-01-11,139267,31403,,,local_missing,unresolved,https://github.com/withqwerty/reep,2026-08-13
20938,Valon Behrami,reep_pcff4618c,Valon Behrami,1985-04-19,11654,30805,,,local_missing,unresolved,https://github.com/withqwerty/reep,2026-08-13
21291,Valter Birsa,reep_pc507ba32,Valter Birsa,1986-08-07,15635,,,,local_missing,unresolved,https://github.com/withqwerty/reep,2026-08-13
283062,Vanja Milinković-Savić,reep_p06339df3,Vanja Milinković-Savić,1997-02-20,356160,31156,,,local_missing,unresolved,https://github.com/withqwerty/reep,2026-08-13
21004,Vasco Regini,reep_pdcbd5875,Vasco Regini,1990-09-09,,30860,,,local_missing,unresolved,https://github.com/withqwerty/reep,2026-08-13
92908,Vassilis Torosidis,,,,,,,,reep_missing,unresolved,https://github.com/withqwerty/reep,2026-08-13
22552,Vid Belec,reep_pd78e04c4,Vid Belec,1990-06-06,106713,30442,,,local_missing,unresolved,https://github.com/withqwerty/reep,2026-08-13
22313,Vincent Laurini,reep_pae059f39,Vincent Laurini,1989-06-10,,30400,,,local_missing,unresolved,https://github.com/withqwerty/reep,2026-08-13
44510,Vitor Hugo Franchescoli de Souza,reep_pb6bfc313,Vitor Hugo Franchescoli de Souza,1991-05-20,794838,30398,,,local_missing,unresolved,https://github.com/withqwerty/reep,2026-08-13
239295,Vittorio Parigini,reep_pbf3cdb02,Vittorio Parigini,1996-03-25,,30508,,,local_missing,unresolved,https://github.com/withqwerty/reep,2026-08-13
83575,Vlad Iulian Chiricheș,reep_p010e97e2,Vlad Chiricheș,1989-11-14,69295,315,3368,Vlad Chiricheș,unique_name_match,reviewed_exact_name,https://github.com/withqwerty/reep,2026-08-13
260250,Wallace Fortuna dos Santos,reep_pe06a8c08,Wallace Fortuna dos Santos,1994-10-14,800407,1840,,,local_missing,unresolved,https://github.com/withqwerty/reep,2026-08-13
7849,Wojciech  Szczęsny,reep_pe95c38a8,Wojciech Szczęsny,1990-04-18,50490,851,,,local_missing,unresolved,https://github.com/withqwerty/reep,2026-08-13
352993,Yann Karamoh,reep_p8f98d5d6,Yann Karamoh,1998-07-08,802149,1278,,,local_missing,unresolved,https://github.com/withqwerty/reep,2026-08-13
220341,Yussif Raman Chibsah,reep_p4dc4a55f,Raman Chibsah,1993-03-10,260065,31082,373,Raman Chibsah,unique_name_match,reviewed_exact_name,https://github.com/withqwerty/reep,2026-08-13
20517,Yuto Nagatomo,reep_p97fb302b,Yūto Nagatomo,1986-09-12,34639,440,,,local_missing,unresolved,https://github.com/withqwerty/reep,2026-08-13
288423,Zinédine Machach,reep_p642418f1,Zinédine Machach,1996-01-05,,30993,,,local_missing,unresolved,https://github.com/withqwerty/reep,2026-08-13
