match_date,home_team,away_team,home_score,away_score,stadium,referee,provider_match_id,lineups,key_events,shots,source_provider,source_url,last_verified_at
2015-08-23,Sassuolo,Napoli,2,1,MAPEI Stadium - Città del Tricolore,Daniele Doveri,3878546,2,15,32,StatsBomb Open Data,https://github.com/hudl/open-data,2026-08-13
2015-08-29,Bologna,Sassuolo,0,1,Stadio Renato Dall''Ara,Carmine Russo,3878550,2,11,16,StatsBomb Open Data,https://github.com/hudl/open-data,2026-08-13
2015-09-13,Sassuolo,Atalanta,2,2,MAPEI Stadium - Città del Tricolore,Maurizio Mariani,3878599,2,20,19,StatsBomb Open Data,https://github.com/hudl/open-data,2026-08-13
2015-09-20,AS Roma,Sassuolo,2,2,Estadio Olímpico,Davide Massa,3878607,2,13,32,StatsBomb Open Data,https://github.com/hudl/open-data,2026-08-13
2015-09-23,Palermo,Sassuolo,0,1,Stadio Renzo Barbera,Luca Pairetto,3879544,2,14,23,StatsBomb Open Data,https://github.com/hudl/open-data,2026-08-13
2015-09-27,Sassuolo,Chievo,1,1,MAPEI Stadium - Città del Tricolore,Michael Fabbri,3879553,2,12,28,StatsBomb Open Data,https://github.com/hudl/open-data,2026-08-13
2015-10-04,Empoli,Sassuolo,1,0,Stadio Carlo Castellani,Gianpaolo Calvarese	,3879563,2,14,26,StatsBomb Open Data,https://github.com/hudl/open-data,2026-08-13
2015-10-18,Sassuolo,Lazio,2,1,MAPEI Stadium - Città del Tricolore,Marco Guida,3879573,2,15,28,StatsBomb Open Data,https://github.com/hudl/open-data,2026-08-13
2015-10-25,AC Milan,Sassuolo,2,1,Stadio Giuseppe Meazza    ,Gianluca Rocchi,3879585,2,13,25,StatsBomb Open Data,https://github.com/hudl/open-data,2026-08-13
2015-10-28,Sassuolo,Juventus,1,0,MAPEI Stadium - Città del Tricolore,Andrea Gervasoni,3879591,2,12,21,StatsBomb Open Data,https://github.com/hudl/open-data,2026-08-13
2015-11-01,Udinese,Sassuolo,0,0,Stadio Friuli,Federico La Penna,3879603,2,9,20,StatsBomb Open Data,https://github.com/hudl/open-data,2026-08-13
2015-11-08,Sassuolo,Carpi,1,0,MAPEI Stadium - Città del Tricolore,Paolo Valeri,3879615,2,15,16,StatsBomb Open Data,https://github.com/hudl/open-data,2026-08-13
2015-11-22,Genoa,Sassuolo,2,1,Stadio Comunale Luigi Ferraris,Nicola Rizzoli,3879619,2,11,24,StatsBomb Open Data,https://github.com/hudl/open-data,2026-08-13
2015-11-30,Sassuolo,Fiorentina,1,1,MAPEI Stadium - Città del Tricolore,Davide Massa,3879636,2,11,34,StatsBomb Open Data,https://github.com/hudl/open-data,2026-08-13
2015-12-06,Sampdoria,Sassuolo,1,3,Stadio Comunale Luigi Ferraris,Maurizio Mariani,3879643,2,15,25,StatsBomb Open Data,https://github.com/hudl/open-data,2026-08-13
2015-12-20,Hellas Verona,Sassuolo,1,1,Stadio Marc'Antonio Bentegodi,Marco Guida,3879663,2,10,27,StatsBomb Open Data,https://github.com/hudl/open-data,2026-08-13
2016-01-06,Sassuolo,Frosinone,2,2,MAPEI Stadium - Città del Tricolore,Luca Pairetto,3879667,2,14,35,StatsBomb Open Data,https://github.com/hudl/open-data,2026-08-13
2016-01-10,Inter Milan,Sassuolo,0,1,Stadio Giuseppe Meazza    ,Daniele Doveri,3879681,2,11,37,StatsBomb Open Data,https://github.com/hudl/open-data,2026-08-13
2016-01-16,Napoli,Sassuolo,3,1,Stadio Diego Armando Maradona,Piero Giacomelli,3879686,2,11,30,StatsBomb Open Data,https://github.com/hudl/open-data,2026-08-13
2016-01-20,Sassuolo,Torino,1,1,MAPEI Stadium - Città del Tricolore,Domenico Celi,3879696,2,12,21,StatsBomb Open Data,https://github.com/hudl/open-data,2026-08-13
2016-01-24,Sassuolo,Bologna,0,2,MAPEI Stadium - Città del Tricolore,Angelo Cervellera,3879705,2,9,30,StatsBomb Open Data,https://github.com/hudl/open-data,2026-08-13
2016-01-30,Atalanta,Sassuolo,1,1,New Balance Arena,Claudio Gavillucci,3879708,2,13,15,StatsBomb Open Data,https://github.com/hudl/open-data,2026-08-13
2016-02-02,Sassuolo,AS Roma,0,2,MAPEI Stadium - Città del Tricolore,Gianpaolo Calvarese	,3879717,2,13,31,StatsBomb Open Data,https://github.com/hudl/open-data,2026-08-13
2016-02-07,Sassuolo,Palermo,2,2,MAPEI Stadium - Città del Tricolore,Maurizio Mariani,3879729,2,15,32,StatsBomb Open Data,https://github.com/hudl/open-data,2026-08-13
2016-02-13,Chievo,Sassuolo,1,1,Stadio Marc'Antonio Bentegodi,Davide Ghersini,3879741,2,12,27,StatsBomb Open Data,https://github.com/hudl/open-data,2026-08-13
2016-02-21,Sassuolo,Empoli,3,2,MAPEI Stadium - Città del Tricolore,Paolo Valeri,3879753,2,17,23,StatsBomb Open Data,https://github.com/hudl/open-data,2026-08-13
2016-02-29,Lazio,Sassuolo,0,2,Estadio Olímpico,Antonio Damato,3879766,2,10,23,StatsBomb Open Data,https://github.com/hudl/open-data,2026-08-13
2016-03-06,Sassuolo,AC Milan,2,0,MAPEI Stadium - Città del Tricolore,Piero Giacomelli,3879771,2,13,29,StatsBomb Open Data,https://github.com/hudl/open-data,2026-08-13
2016-03-11,Juventus,Sassuolo,1,0,Allianz Stadium    	,Domenico Celi,3879777,2,10,23,StatsBomb Open Data,https://github.com/hudl/open-data,2026-08-13
2016-03-20,Sassuolo,Udinese,1,1,MAPEI Stadium - Città del Tricolore,Marco Di Bello,3879793,2,14,21,StatsBomb Open Data,https://github.com/hudl/open-data,2026-08-13
2016-04-02,Carpi,Sassuolo,1,3,Stadio Alberto Braglia (Modena),Angelo Cervellera,3879797,2,15,20,StatsBomb Open Data,https://github.com/hudl/open-data,2026-08-13
2016-04-09,Sassuolo,Genoa,0,1,MAPEI Stadium - Città del Tricolore,Claudio Gavillucci,3879809,2,10,26,StatsBomb Open Data,https://github.com/hudl/open-data,2026-08-13
2016-04-17,Fiorentina,Sassuolo,3,1,Stadio Artemio Franchi    	,Luca Banti,3879821,2,13,22,StatsBomb Open Data,https://github.com/hudl/open-data,2026-08-13
2016-04-20,Sassuolo,Sampdoria,0,0,MAPEI Stadium - Città del Tricolore,Maurizio Mariani,3879831,2,14,27,StatsBomb Open Data,https://github.com/hudl/open-data,2026-08-13
2016-04-24,Torino,Sassuolo,1,3,Stadio Olimpico Grande Torino,Michael Fabbri,3879843,2,13,28,StatsBomb Open Data,https://github.com/hudl/open-data,2026-08-13
2016-05-01,Sassuolo,Hellas Verona,1,0,MAPEI Stadium - Città del Tricolore,Claudio Gavillucci,3879854,2,8,22,StatsBomb Open Data,https://github.com/hudl/open-data,2026-08-13
2016-05-08,Frosinone,Sassuolo,0,1,Stadio Comunale Matusa,Angelo Cervellera,3879861,2,11,39,StatsBomb Open Data,https://github.com/hudl/open-data,2026-08-13
2016-05-14,Sassuolo,Inter Milan,3,1,MAPEI Stadium - Città del Tricolore,Andrea Gervasoni,3879868,2,16,21,StatsBomb Open Data,https://github.com/hudl/open-data,2026-08-13
